player_key,origin_year,lead,cond_avg,games,avg,meaningful,total_games,age,position,weighted_avg,last_avg,career_best,error,abs_error,recent_demonstrated_avg,shrinkage,predicted_avg_band,prior_avg_band,games_band,established,elite_prior,age_band,broad_position
toby-mclean,2018,5,90.07664719206488,6,29.5,1,60,22.0,FWD,86.82695037076695,94.7,94.7,60.57664719206488,60.57664719206488,86.82695037076695,3.249696821297931,90-105,75-90,50-99,established_50_plus,under_105,22-24,FWD
lochie-o-brien,2019,4,79.03718893323182,6,26.7,1,35,20.0,MID,45.88144192256341,44.8,47.3,52.337188933231815,52.337188933231815,45.88144192256341,33.15574701066841,75-90,<60,25-49,under_50,under_105,<22,MID
toby-mclean,2019,4,80.74308082981003,6,29.5,1,79,23.0,FWD,80.15852702524285,68.8,94.7,51.243080829810026,51.243080829810026,80.15852702524285,0.5845538045671788,75-90,75-90,50-99,established_50_plus,under_105,22-24,FWD
nathan-fyfe,2024,1,68.70319444669482,8,21.9,1,240,33.0,MID,82.78270335193865,69.2,122.2,46.803194446694825,46.803194446694825,82.78270335193865,-14.079508905243827,60-75,75-90,200+,established_50_plus,under_105,31-33,MID
lochie-o-brien,2018,5,72.6253673122603,6,26.7,1,18,19.0,MID,47.3,47.3,47.3,45.92536731226029,45.92536731226029,47.3,25.325367312260298,60-75,<60,1-24,under_50,under_105,<22,MID
toby-mclean,2020,3,74.40174804642815,6,29.5,1,91,24.0,FWD,77.22880547767473,68.2,94.7,44.90174804642815,44.90174804642815,77.22880547767473,-2.8270574312465726,60-75,75-90,50-99,established_50_plus,under_105,22-24,FWD
jack-lukosius,2020,5,94.54104009368396,7,49.7,1,38,20.0,FWD,66.26625155666252,80.2,80.2,44.84104009368396,44.84104009368396,66.26625155666252,28.274788537021436,90-105,60-75,25-49,under_50,under_105,<22,FWD
connor-blakely,2018,3,81.52309136579926,13,37.1,1,46,22.0,MID,83.3870764624588,85.1,89.2,44.42309136579926,44.42309136579926,83.3870764624588,-1.8639850966595333,75-90,75-90,25-49,under_50,under_105,22-24,MID
nicholas-coffield,2020,4,84.7586836308301,8,40.5,1,36,21.0,DEF,70.47114427860697,79.9,79.9,44.258683630830106,44.258683630830106,70.47114427860697,14.287539352223135,75-90,60-75,25-49,under_50,under_105,<22,DEF
sam-petrevski-seton,2019,3,94.33583809920135,14,51.1,1,64,21.0,MID,73.87905741785596,81.6,81.6,43.23583809920135,43.23583809920135,73.87905741785596,20.456780681345393,90-105,60-75,50-99,established_50_plus,under_105,<22,MID
jarryd-lyons,2022,1,82.22915084370153,10,39.1,1,181,30.0,MID,99.32703728134013,90.9,115.9,43.12915084370153,43.12915084370153,99.32703728134013,-17.097886437638593,75-90,90-105,100-199,established_50_plus,under_105,28-30,MID
lochie-o-brien,2022,1,69.80528669996018,6,26.7,1,60,23.0,MID,58.04517962177638,64.4,64.4,43.105286699960175,43.105286699960175,58.04517962177638,11.7601070781838,60-75,<60,50-99,established_50_plus,under_105,22-24,MID
ryan-clarke,2018,5,77.23296491910921,16,34.2,1,40,21.0,MID,65.15555933686616,65.5,67.1,43.032964919109205,43.032964919109205,65.15555933686616,12.077405582243046,75-90,60-75,25-49,under_50,under_105,<22,MID
jaidyn-stephenson,2019,4,92.22789544628844,21,49.3,1,40,20.0,FWD,70.23056234718827,80.3,80.3,42.927895446288446,42.927895446288446,70.23056234718827,21.997333099100175,90-105,60-75,25-49,under_50,under_105,<22,FWD
connor-blakely,2019,2,80.002249209849,13,37.1,1,60,23.0,MID,80.59479600761158,75.8,89.2,42.902249209848996,42.902249209848996,80.59479600761158,-0.59254679776258,75-90,75-90,50-99,established_50_plus,under_105,22-24,MID
mattaes-phillipou,2023,2,77.23798618929115,7,34.6,1,24,19.0,MID,50.20000000000001,50.2,50.2,42.63798618929115,42.63798618929115,50.20000000000001,27.03798618929114,75-90,<60,1-24,under_50,under_105,<22,MID
dominic-sheed,2019,5,86.66654279116256,8,44.2,1,102,24.0,MID,82.28627848479692,93.0,93.0,42.46654279116255,42.46654279116255,82.28627848479692,4.380264306365632,75-90,75-90,100-199,established_50_plus,under_105,22-24,MID
nicholas-coffield,2021,3,82.83505236249852,8,40.5,1,52,22.0,DEF,67.3131823077725,63.2,79.9,42.335052362498516,42.335052362498516,67.3131823077725,15.521870054726023,75-90,60-75,50-99,established_50_plus,under_105,22-24,DEF
jarrod-berry,2019,2,92.49775172469408,11,50.3,1,57,21.0,MID,79.26781160168055,86.0,86.0,42.197751724694086,42.197751724694086,79.26781160168055,13.229940123013535,90-105,75-90,50-99,established_50_plus,under_105,<22,MID
jack-lukosius,2021,4,91.61178238912922,7,49.7,1,60,21.0,FWD,73.20548149198694,80.5,80.5,41.911782389129215,41.911782389129215,73.20548149198694,18.406300897142273,90-105,60-75,50-99,established_50_plus,under_105,<22,FWD
max-king-stk,2020,4,97.63202602629276,12,55.8,1,18,13.0,FWD,61.1,61.1,61.1,41.832026026292766,41.832026026292766,61.1,36.53202602629276,90-105,60-75,1-24,under_50,under_105,<22,FWD
dylan-stephens,2020,1,68.06138795498683,7,26.4,1,8,19.0,MID,62.9,62.9,62.9,41.66138795498683,41.66138795498683,62.9,5.161387954986829,60-75,60-75,1-24,under_50,under_105,<22,MID
jarrod-berry,2018,3,91.8591684979794,11,50.3,1,37,20.0,MID,73.51734317343174,80.0,80.0,41.5591684979794,41.5591684979794,73.51734317343174,18.341825324547656,90-105,60-75,25-49,under_50,under_105,<22,MID
callum-brown,2019,3,80.51499161394271,6,39.0,1,33,19.0,FWD,64.91027088036117,68.3,68.3,41.51499161394271,41.51499161394271,64.91027088036117,15.604720733581544,75-90,60-75,25-49,under_50,under_105,<22,FWD
liam-henry,2023,2,74.42775416312571,6,33.0,1,43,22.0,FWD,56.02848830241391,71.9,71.9,41.42775416312571,41.42775416312571,56.02848830241391,18.3992658607118,60-75,<60,25-49,under_50,under_105,22-24,FWD
max-king-stk,2021,3,96.54619395296032,12,55.8,1,38,14.0,FWD,61.5247572815534,61.8,61.8,40.746193952960326,40.746193952960326,61.5247572815534,35.021436671406924,90-105,60-75,25-49,under_50,under_105,<22,FWD
sam-petrevski-seton,2018,4,91.76460134534136,14,51.1,1,42,20.0,MID,67.3978021978022,67.2,67.7,40.66460134534136,40.66460134534136,67.3978021978022,24.366799147539155,90-105,60-75,25-49,under_50,under_105,<22,MID
nathan-fyfe,2023,2,62.08203806288385,8,21.9,1,218,32.0,MID,92.43238245742069,50.7,122.2,40.182038062883855,40.182038062883855,92.43238245742069,-30.350344394536833,60-75,90-105,200+,established_50_plus,under_105,31-33,MID
nathan-fyfe,2021,4,61.85605713336662,8,21.9,1,202,30.0,MID,110.46583814377333,100.4,122.2,39.95605713336662,39.95605713336662,110.46583814377333,-48.60978101040671,60-75,105-120,200+,established_50_plus,prior_105_plus,28-30,MID
ryan-clarke,2019,4,73.991864078419,16,34.2,1,54,22.0,MID,62.0894674290992,56.9,67.1,39.791864078418996,39.791864078418996,62.0894674290992,11.902396649319797,60-75,60-75,50-99,established_50_plus,under_105,22-24,MID
darcy-tucker,2019,3,82.18680121917079,14,42.4,1,70,22.0,DEF,64.6347331080903,73.4,73.4,39.78680121917079,39.78680121917079,64.6347331080903,17.552068111080487,75-90,60-75,50-99,established_50_plus,under_105,22-24,DEF
bailey-banfield,2018,4,72.9253533803569,23,33.2,1,20,20.0,DEF,63.4,63.4,63.4,39.72535338035689,39.72535338035689,63.4,9.525353380356897,60-75,60-75,1-24,under_50,under_105,<22,DEF
lochie-o-brien,2020,3,66.1556296875893,6,26.7,1,36,21.0,MID,45.709477564329774,42.0,47.3,39.455629687589294,39.455629687589294,45.709477564329774,20.446152123259523,60-75,<60,25-49,under_50,under_105,<22,MID
nathan-fyfe,2022,3,61.28808763479285,8,21.9,1,209,31.0,MID,103.47613164984438,63.3,122.2,39.38808763479285,39.38808763479285,103.47613164984438,-42.188044015051524,60-75,90-105,200+,established_50_plus,under_105,31-33,MID
nathan-fyfe,2020,5,61.27089465196359,8,21.9,1,187,29.0,MID,114.15905888499611,113.2,122.2,39.37089465196359,39.37089465196359,114.15905888499611,-52.888164233032526,60-75,105-120,100-199,established_50_plus,prior_105_plus,28-30,MID
sam-mayes,2018,3,69.27519467497572,11,30.3,1,101,24.0,FWD,70.15259235522092,56.2,80.3,38.975194674975725,38.975194674975725,70.15259235522092,-0.8773976802451955,60-75,60-75,100-199,established_50_plus,under_105,22-24,FWD
jarrod-berry,2020,1,89.15220198207197,11,50.3,1,74,22.0,MID,83.3302615123661,90.8,90.8,38.852201982071975,38.852201982071975,83.3302615123661,5.821940469705865,75-90,75-90,50-99,established_50_plus,under_105,22-24,MID
callum-brown,2020,2,77.63097135695051,6,39.0,1,47,20.0,FWD,64.98745606367746,65.1,68.3,38.63097135695051,38.63097135695051,64.98745606367746,12.643515293273055,75-90,60-75,25-49,under_50,under_105,<22,FWD
ryan-clarke,2020,3,72.80031225267058,16,34.2,1,64,23.0,MID,65.80789854995547,75.9,75.9,38.60031225267058,38.60031225267058,65.80789854995547,6.992413702715112,60-75,60-75,50-99,established_50_plus,under_105,22-24,MID
liam-henry,2021,4,71.47457672341349,6,33.0,1,20,20.0,FWD,41.13194154488517,42.0,42.0,38.47457672341349,38.47457672341349,41.13194154488517,30.34263517852832,60-75,<60,1-24,under_50,under_105,<22,FWD
jaidyn-stephenson,2019,5,91.6742163464183,12,53.2,1,40,20.0,FWD,70.23056234718827,80.3,80.3,38.4742163464183,38.4742163464183,70.23056234718827,21.443653999230037,90-105,60-75,25-49,under_50,under_105,<22,FWD
james-worpel,2019,3,94.67403799803668,11,56.2,1,33,20.0,MID,89.29705882352941,97.0,97.0,38.47403799803668,38.47403799803668,89.29705882352941,5.3769791745072695,90-105,75-90,25-49,under_50,under_105,<22,MID
jarryd-lyons,2021,2,77.43879266344263,10,39.1,1,159,29.0,MID,103.02980852673538,115.9,115.9,38.338792663442625,38.338792663442625,103.02980852673538,-25.591015863292753,75-90,90-105,100-199,established_50_plus,under_105,28-30,MID
mattaes-phillipou,2024,1,72.92672189424708,7,34.6,1,37,20.0,MID,53.63461030383091,58.2,58.2,38.32672189424708,38.32672189424708,53.63461030383091,19.29211159041617,60-75,<60,25-49,under_50,under_105,<22,MID
max-king-stk,2022,2,93.3269155113028,12,55.8,1,60,15.0,FWD,65.21710167238122,69.2,69.2,37.5269155113028,37.5269155113028,65.21710167238122,28.109813838921582,90-105,60-75,50-99,established_50_plus,under_105,<22,FWD
jack-bytel,2021,2,62.3625220925084,6,25.0,1,16,21.0,MID,49.42480211081794,48.0,48.0,37.3625220925084,37.3625220925084,49.42480211081794,12.937719981690456,60-75,<60,1-24,under_50,under_105,<22,MID
xavier-duursma,2019,3,88.54067358143736,11,51.3,1,20,19.0,MID,74.0,74.0,74.0,37.24067358143736,37.24067358143736,74.0,14.54067358143736,75-90,60-75,1-24,under_50,under_105,<22,MID
jack-ziebell,2019,1,85.04647428677478,8,48.0,1,210,28.0,MID,88.2116394992449,90.9,95.2,37.04647428677478,37.04647428677478,88.2116394992449,-3.1651652124701144,75-90,75-90,200+,established_50_plus,under_105,28-30,MID
brayden-ham,2020,2,60.731445159808274,11,23.7,1,15,21.0,FWD,50.61470588235294,51.7,51.7,37.03144515980827,37.03144515980827,50.61470588235294,10.11673927745533,60-75,<60,1-24,under_50,under_105,<22,FWD
liam-henry,2024,1,70.00252778392091,6,33.0,1,55,23.0,FWD,58.117632802648174,62.0,71.9,37.00252778392091,37.00252778392091,58.117632802648174,11.884894981272737,60-75,<60,50-99,established_50_plus,under_105,22-24,FWD
