source_row,stable_id,player_name,affl_team,eligibilities,match_status,legacy_name,legacy_team,legacy_eligibilities,previous_vnext_included,previous_vnext_exclusion_reason
609,aaron-cadman,Aaron Cadman,Richmond Tigers,"G-FWD,K-FWD",matched,Aaron Cadman,GWS,K-FWD,True,
705,aaron-naughton,Aaron Naughton,Sydney Swans,"G-FWD,K-FWD",matched,Aaron Naughton,Western Bulldogs,K-FWD,True,
23,adam-cerra,Adam Cerra,Adelaide Crows,MID,matched,Adam Cerra,Fremantle,MID,True,
360,adam-saad,Adam Saad,Geelong Cats,G-DEF,matched,Adam Saad,Gold Coast,GEN_DEF,True,
711,adam-sweid,Adam Sweid,Sydney Swans,MID,matched,Adam Sweid,Fremantle,GEN_FWD,True,
735,adam-treloar,Adam Treloar,West Coast Eagles,"MID,G-FWD",matched,Adam Treloar,GWS,MID,True,
357,aidan-corr,Aidan Corr,Geelong Cats,"G-DEF,K-DEF",matched,Aidan Corr,GWS,K-DEF,True,
265,aidan-johnson,Aidan Johnson,Free agents,"K-FWD,G-FWD",matched,Aidan Johnson,Melbourne,K-FWD,True,
328,aidan-schubert,Aidan Schubert,Fremantle Dockers,"RUCK,G-FWD,K-FWD",matched,Aidan Schubert,Hawthorn,K-FWD,True,
324,aiden-riddle,Aiden Riddle,Fremantle Dockers,RUCK,matched,Aiden Riddle,Fremantle,RUCK,True,
760,alex-davies,Alex Davies,Western Bulldogs,MID,matched,Alex Davies,Gold Coast,MID,True,
435,alex-dodson,Alex Dodson,Hawthorn Hawks,K-FWD,matched,Alex Dodson,St Kilda,RUCK,True,
75,alex-neal-bullen,Alex Neal-Bullen,West Coast Eagles,G-FWD,matched,Alex Neal-Bullen,Melbourne,GEN_FWD,True,
380,alex-pearce,Alex Pearce,Geelong Cats,"G-DEF,K-DEF",matched,Alex Pearce,Fremantle,K-DEF,True,
39,alex-van-wyk,Alex Van Wyk,Adelaide Crows,RUCK,matched,Alex Van Wyk,Port Adelaide,RUCK,False,no_current_or_historical_scoring_games+not_recent_unplayed_draftee
520,aliir-aliir,Aliir Aliir,North Melbourne Kangaroos,"G-DEF,K-DEF",matched,Aliir Aliir,Sydney,K-DEF,True,
779,alix-tauru,Alix Tauru,Western Bulldogs,"G-DEF,K-DEF,K-FWD,G-FWD",matched,Alix Tauru,St Kilda,K-DEF,True,
645,andrew-brayshaw,Andrew Brayshaw,St Kilda Saints,MID,matched,Andrew Brayshaw,Fremantle,MID,True,
391,andrew-mcgrath,Andrew McGrath,Geelong Cats,G-DEF,matched,Andrew McGrath,Essendon,GEN_DEF,True,
736,andy-moniz-wakefield,Andy Moniz-Wakefield,West Coast Eagles,G-DEF,matched,Andy Moniz-Wakefield,Melbourne,GEN_DEF,True,
492,angus-anderson,Angus Anderson,North Melbourne Kangaroos,MID,matched,Angus Anderson,Collingwood,MID,True,
129,angus-clarke,Angus Clarke,Carlton Blues,"G-DEF,MID",matched,Angus Clarke,Essendon,GEN_DEF,True,
600,angus-hastie,Angus Hastie,Richmond Tigers,G-DEF,matched,Angus Hastie,St Kilda,GEN_DEF,True,
785,angus-sheldrick,Angus Sheldrick,Western Bulldogs,MID,matched,Angus Sheldrick,Sydney,MID,True,
152,anthony-caminiti,Anthony Caminiti,Collingwood Magpies,"G-DEF,K-DEF,K-FWD,G-FWD",matched,Anthony Caminiti,St Kilda,K-FWD,True,
32,archer-day-wicks,Archer Day-Wicks,Adelaide Crows,"G-FWD,MID",matched,Archer Day-Wicks,Essendon,GEN_FWD,True,
452,archer-reid,Archer Reid,Melbourne Demons,"G-FWD,K-FWD",matched,Archer Reid,West Coast,K-FWD,True,
309,archie-ludowyke,Archie Ludowyke,Fremantle Dockers,"G-FWD,K-FWD",matched,Archie Ludowyke,Adelaide,K-FWD,True,
802,archie-may,Archie May,Western Bulldogs,K-FWD,matched,Archie May,Essendon,K-FWD,True,
440,archie-perkins,Archie Perkins,Melbourne Demons,G-FWD,matched,Archie Perkins,Essendon,GEN_FWD,True,
646,archie-roberts,Archie Roberts,St Kilda Saints,G-DEF,matched,Archie Roberts,Essendon,GEN_DEF,True,
18,arthur-jones,Arthur Jones,Adelaide Crows,"MID,G-FWD",matched,Arthur Jones,Western Bulldogs,GEN_FWD,True,
250,asher-eastham,Asher Eastham,Free agents,G-FWD,matched,Asher Eastham,Gold Coast,GEN_FWD,True,
669,ashton-moir,Ashton Moir,St Kilda Saints,G-FWD,matched,Ashton Moir,Carlton,GEN_FWD,True,
467,avery-thomas,Avery Thomas,Melbourne Demons,G-DEF,matched,Avery Thomas,Gold Coast,GEN_DEF,True,
649,bailey-banfield,Bailey Banfield,St Kilda Saints,G-DEF,matched,Bailey Banfield,Fremantle,GEN_DEF,True,
384,bailey-dale,Bailey Dale,Geelong Cats,G-DEF,matched,Bailey Dale,Western Bulldogs,GEN_DEF,True,
773,bailey-humphrey,Bailey Humphrey,Western Bulldogs,"MID,G-FWD",matched,Bailey Humphrey,Gold Coast,GEN_FWD,True,
682,bailey-williams-wc,Bailey J. Williams,Sydney Swans,"RUCK,G-FWD,K-FWD",matched,Bailey J. Williams,West Coast,RUCK,True,
270,bailey-laurie,Bailey Laurie,Free agents,G-FWD,matched,Bailey Laurie,Melbourne,GEN_FWD,True,
790,bailey-macdonald,Bailey MacDonald,Western Bulldogs,G-DEF,matched,Bailey Macdonald,Hawthorn,GEN_DEF,True,
288,bailey-scott,Bailey Scott,Free agents,MID,matched,Bailey Scott,North Melbourne,MID,True,
388,bailey-smith,Bailey Smith,Geelong Cats,MID,matched,Bailey Smith,Western Bulldogs,MID,True,
141,bailey-williams-wb,Bailey Williams,Collingwood Magpies,"G-DEF,MID",matched,Bailey Williams,Western Bulldogs,GEN_DEF,True,
284,balyn-o-brien,Balyn O'Brien,Free agents,G-DEF,matched,Balyn O'Brien,Port Adelaide,GEN_DEF,False,no_current_or_historical_scoring_games+not_recent_unplayed_draftee
376,bayley-fritsch,Bayley Fritsch,Geelong Cats,G-FWD,matched,Bayley Fritsch,Melbourne,GEN_FWD,True,
345,beau-addinsall,Beau Addinsall,Fremantle Dockers,MID,matched,Beau Addinsall,Gold Coast,MID,True,
734,beau-mccreery,Beau McCreery,West Coast Eagles,G-FWD,matched,Beau McCreery,Collingwood,GEN_FWD,True,
59,ben-ainsworth,Ben Ainsworth,Brisbane Lions,G-FWD,matched,Ben Ainsworth,Gold Coast,GEN_FWD,True,
314,ben-camporeale,Ben Camporeale,Fremantle Dockers,MID,matched,Ben Camporeale,Carlton,MID,True,
264,ben-jepson,Ben Jepson,Free agents,MID,matched,Ben Jepson,Gold Coast,MID,True,
20,ben-keays,Ben Keays,Adelaide Crows,G-FWD,matched,Ben Keays,Brisbane,GEN_FWD,True,
673,ben-king,Ben King,Sydney Swans,"G-FWD,K-FWD",matched,Ben King,Gold Coast,K-FWD,True,
601,ben-long,Ben Long,Richmond Tigers,G-FWD,matched,Ben Long,St Kilda,GEN_FWD,True,
752,ben-mckay,Ben McKay,West Coast Eagles,"G-DEF,K-DEF",matched,Ben McKay,North Melbourne,K-DEF,True,
687,ben-miller,Ben Miller,Sydney Swans,"G-DEF,K-DEF",matched,Ben Miller,Richmond,K-DEF,True,
504,ben-murphy,Ben Murphy,North Melbourne Kangaroos,G-DEF,matched,Ben Murphy,,GEN_DEF,False,no_current_or_historical_scoring_games+not_recent_unplayed_draftee
236,benny-barrett,Benny Barrett,Free agents,G-FWD,matched,Benny Barrett,Port Adelaide,GEN_FWD,False,no_current_or_historical_scoring_games+not_recent_unplayed_draftee
219,billy-cootee,Billy Cootee,Essendon Bombers,MID,matched,Billy Cootee,Sydney,MID,True,
190,billy-dowling,Billy Dowling,Essendon Bombers,"MID,G-FWD",matched,Billy Dowling,Adelaide,GEN_FWD,True,
57,billy-frampton,Billy Frampton,Brisbane Lions,"G-DEF,K-DEF",matched,Billy Frampton,Port Adelaide,K-DEF,True,
93,billy-wilson,Billy Wilson,Carlton Blues,G-DEF,matched,Billy Wilson,Carlton,GEN_DEF,True,
60,blake-acres,Blake Acres,Brisbane Lions,MID,matched,Blake Acres,St Kilda,MID,True,
550,blake-hardwick,Blake Hardwick,Port Adelaide Power,G-DEF,matched,Blake Hardwick,Hawthorn,GEN_DEF,True,
225,blake-howes,Blake Howes,Essendon Bombers,G-DEF,matched,Blake Howes,Melbourne,GEN_DEF,True,
335,blake-thredgold,Blake Thredgold,Fremantle Dockers,"G-DEF,K-DEF",matched,Blake Thredgold,North Melbourne,K-DEF,True,
462,bo-allan,Bo Allan,Melbourne Demons,"G-DEF,MID",matched,Bo Allan,West Coast,GEN_DEF,True,
193,bobby-hill,Bobby Hill,West Coast Eagles,G-FWD,matched,Bobby Hill,GWS,GEN_FWD,True,
548,bodhi-uwland,Bodhi Uwland,Port Adelaide Power,G-DEF,matched,Bodhi Uwland,Gold Coast,GEN_DEF,True,
159,bodie-ryan,Bodie Ryan,Collingwood Magpies,G-DEF,matched,Bodie Ryan,Hawthorn,GEN_DEF,True,
378,bradley-close,Bradley Close,Geelong Cats,G-FWD,matched,Bradley Close,Geelong,GEN_FWD,True,
549,bradley-hill,Bradley Hill,Port Adelaide Power,"MID,G-FWD",matched,Bradley Hill,Hawthorn,GEN_FWD,True,
215,brady-hough,Brady Hough,Essendon Bombers,"G-DEF,MID",matched,Brady Hough,West Coast,GEN_DEF,True,
221,braeden-campbell,Braeden Campbell,Essendon Bombers,G-FWD,matched,Braeden Campbell,Sydney,GEN_DEF,True,
479,brandon-starcevich,Brandon Starcevich,Melbourne Demons,G-DEF,matched,Brandon Starcevich,Brisbane,GEN_DEF,True,
556,brandon-walker,Brandon Walker,Port Adelaide Power,G-DEF,matched,Brandon Walker,Fremantle,GEN_DEF,True,
301,brandon-zerk-thatcher,Brandon Zerk-Thatcher,Free agents,"K-DEF,G-DEF",matched,Brandon Zerk-Thatcher,Essendon,K-DEF,True,
491,brayden-cook,Brayden Cook,North Melbourne Kangaroos,"MID,G-FWD",matched,Brayden Cook,Adelaide,MID,True,
79,brayden-fiorini,Brayden Fiorini,Brisbane Lions,MID,matched,Brayden Fiorini,Gold Coast,MID,True,
586,brayden-george,Brayden George,Richmond Tigers,G-FWD,matched,Brayden George,North Melbourne,GEN_FWD,False,no_current_or_historical_scoring_games+no_recent_activity_signal+not_recent_unplayed_draftee
489,brayden-maynard,Brayden Maynard,North Melbourne Kangaroos,G-DEF,matched,Brayden Maynard,Collingwood,GEN_DEF,True,
685,brennan-cox,Brennan Cox,Sydney Swans,"G-DEF,K-DEF",matched,Brennan Cox,Fremantle,K-DEF,True,
759,brent-daniels,Brent Daniels,Essendon Bombers,"G-FWD,MID",matched,Brent Daniels,GWS,GEN_FWD,True,
626,brodie-grundy,Brodie Grundy,St Kilda Saints,RUCK,matched,Brodie Grundy,Collingwood,RUCK,True,
382,brodie-kemp,Brodie Kemp,Geelong Cats,"G-FWD,K-FWD",matched,Brodie Kemp,Carlton,K-FWD,True,
61,brody-mihocek,Brody Mihocek,Brisbane Lions,"G-FWD,K-FWD",matched,Brody Mihocek,Collingwood,K-FWD,True,
490,bruce-reville,Bruce Reville,North Melbourne Kangaroos,MID,matched,Bruce Reville,Brisbane,MID,True,
50,buku-khamis,Buku Khamis,Brisbane Lions,"G-DEF,G-FWD,K-FWD,K-DEF",matched,Buku Khamis,Western Bulldogs,K-DEF,True,
98,caiden-cleary,Caiden Cleary,Carlton Blues,G-FWD,matched,Caiden Cleary,Sydney,GEN_FWD,True,
539,caleb-daniel,Caleb Daniel,Port Adelaide Power,G-DEF,matched,Caleb Daniel,Western Bulldogs,GEN_DEF,True,
256,caleb-graham,Caleb Graham,Free agents,"K-DEF,G-DEF",matched,Caleb Graham,Gold Coast,K-DEF,False,no_recent_activity_signal+not_recent_unplayed_draftee
271,caleb-lewis,Caleb Lewis,Free agents,"K-FWD,G-FWD",matched,Caleb Lewis,Gold Coast,K-FWD,False,no_current_or_historical_scoring_games+not_recent_unplayed_draftee
461,caleb-may,Caleb May,Melbourne Demons,RUCK,matched,Caleb May,Western Bulldogs,RUCK,False,no_current_or_historical_scoring_games+not_recent_unplayed_draftee
796,caleb-serong,Caleb Serong,Western Bulldogs,MID,matched,Caleb Serong,Fremantle,MID,True,
791,caleb-windsor,Caleb Windsor,Western Bulldogs,"G-DEF,MID",matched,Caleb Windsor,Melbourne,MID,True,
353,callum-ah-chee,Callum Ah Chee,Geelong Cats,G-FWD,matched,Callum Ah Chee,Gold Coast,GEN_FWD,True,
246,callum-coleman-jones,Callum Coleman-Jones,Free agents,RUCK,matched,Callum Coleman-Jones,Richmond,K-FWD,True,
629,callum-brown-ire,Callum M. Brown,St Kilda Saints,G-FWD,matched,Callum M. Brown,GWS,GEN_FWD,True,
155,callum-mills,Callum Mills,Collingwood Magpies,G-DEF,matched,Callum Mills,Sydney,GEN_DEF,True,
527,callum-wilkie,Callum Wilkie,North Melbourne Kangaroos,"G-DEF,K-DEF",matched,Callum Wilkie,St Kilda,K-DEF,True,
166,calsher-dear,Calsher Dear,Collingwood Magpies,"G-FWD,K-FWD",matched,Calsher Dear,Hawthorn,K-FWD,True,
803,cameron-mackenzie,Cameron Mackenzie,Western Bulldogs,MID,matched,Cameron Mackenzie,Hawthorn,MID,True,
398,cameron-nairn,Cameron Nairn,Hawthorn Hawks,"MID,G-FWD",matched,Cameron Nairn,Hawthorn,GEN_FWD,True,
371,cameron-rayner,Cameron Rayner,Geelong Cats,G-FWD,matched,Cameron Rayner,Brisbane,GEN_FWD,True,
613,cameron-zurhaar,Cameron Zurhaar,Richmond Tigers,"G-FWD,G-DEF",matched,Cameron Zurhaar,North Melbourne,GEN_FWD,True,
91,campbell-chesser,Campbell Chesser,Essendon Bombers,MID,matched,Campbell Chesser,West Coast,MID,True,
96,campbell-gray,Campbell Gray,Carlton Blues,"G-DEF,K-DEF,RUCK",matched,Campbell Gray,Richmond,K-DEF,True,
603,campbell-lake,Campbell Lake,Richmond Tigers,"G-FWD,MID",matched,Campbell Lake,St Kilda,GEN_FWD,True,
509,chad-warner,Chad Warner,North Melbourne Kangaroos,"MID,G-FWD",matched,Chad Warner,Sydney,MID,True,
800,changkuoth-jiath,Changkuoth Jiath,Western Bulldogs,G-DEF,matched,Changkuoth Jiath,Hawthorn,GEN_DEF,True,
95,charlie-ballard,Charlie Ballard,Carlton Blues,"G-DEF,K-DEF",matched,Charlie Ballard,Gold Coast,K-DEF,True,
484,charlie-banfield,Charlie Banfield,Melbourne Demons,"MID,G-FWD",matched,Charlie Banfield,St Kilda,MID,True,
708,charlie-cameron,Charlie Cameron,Sydney Swans,G-FWD,matched,Charlie Cameron,Adelaide,GEN_FWD,True,
639,charlie-comben,Charlie Comben,St Kilda Saints,K-DEF,matched,Charlie Comben,North Melbourne,K-DEF,True,
9,charlie-curnow,Charlie Curnow,Adelaide Crows,"G-FWD,K-FWD",matched,Charlie Curnow,Carlton,K-FWD,True,
437,charlie-edwards,Charlie Edwards,Hawthorn Hawks,"G-DEF,MID",matched,Charlie Edwards,Adelaide,MID,True,
400,charlie-nicholls,Charlie Nicholls,Hawthorn Hawks,"G-FWD,K-FWD",matched,Charlie Nicholls,Fremantle,K-FWD,True,
573,charlie-spargo,Charlie Spargo,Port Adelaide Power,G-FWD,matched,Charlie Spargo,Melbourne,GEN_FWD,True,
789,charlie-west,Charlie West,Western Bulldogs,"G-FWD,K-FWD",matched,Charlie West,Collingwood,K-FWD,True,
266,chayce-jones,Chayce Jones,Free agents,"G-DEF,MID",matched,Chayce Jones,Adelaide,MID,True,
604,chris-scerri,Chris Scerri,Richmond Tigers,"G-FWD,MID",matched,Chris Scerri,Fremantle,GEN_FWD,True,
620,christian-moraes,Christian Moraes,Richmond Tigers,"MID,G-FWD",matched,Christian Moraes,Port Adelaide,MID,True,
750,christian-petracca,Christian Petracca,West Coast Eagles,"MID,G-FWD",matched,Christian Petracca,Melbourne,MID,True,
553,christian-salem,Christian Salem,Port Adelaide Power,G-DEF,matched,Christian Salem,Melbourne,GEN_DEF,True,
241,cillian-bourke,Cillian Bourke,Free agents,G-DEF,matched,Cillian Bourke,,GEN_DEF,False,no_current_or_historical_scoring_games+not_recent_unplayed_draftee
562,cillian-burke,Cillian Burke,Port Adelaide Power,G-DEF,matched,Cillian Burke,Geelong,GEN_DEF,False,no_current_or_historical_scoring_games+not_recent_unplayed_draftee
169,clay-hall,Clay Hall,Collingwood Magpies,MID,matched,Clay Hall,West Coast,MID,True,
488,clayton-oliver,Clayton Oliver,North Melbourne Kangaroos,MID,matched,Clayton Oliver,Melbourne,MID,True,
232,cody-anderson,Cody Anderson,Free agents,G-FWD,matched,Cody Anderson,Hawthorn,GEN_FWD,True,
399,cody-angove,Cody Angove,Hawthorn Hawks,G-FWD,matched,Cody Angove,GWS,MID,True,
628,cody-curtin,Cody Curtin,St Kilda Saints,"G-FWD,K-FWD",matched,Cody Curtin,Brisbane,K-FWD,True,
148,cody-weightman,Cody Weightman,Collingwood Magpies,G-FWD,matched,Cody Weightman,Western Bulldogs,GEN_FWD,True,
589,colby-mckercher,Colby McKercher,Richmond Tigers,"G-DEF,G-FWD",matched,Colby McKercher,North Melbourne,MID,True,
69,connor-budarick,Connor Budarick,Brisbane Lions,"G-FWD,G-DEF",matched,Connor Budarick,Gold Coast,GEN_DEF,True,
494,connor-idun,Connor Idun,North Melbourne Kangaroos,G-DEF,matched,Connor Idun,GWS,GEN_DEF,True,
579,connor-macdonald,Connor MacDonald,Richmond Tigers,G-FWD,matched,Connor MacDonald,Hawthorn,GEN_FWD,True,
768,connor-o-sullivan,Connor O'Sullivan,Western Bulldogs,"G-DEF,K-DEF",matched,Connor O'Sullivan,Geelong,K-DEF,True,
38,connor-rozee,Connor Rozee,Adelaide Crows,"G-DEF,MID",matched,Connor Rozee,Port Adelaide,MID,True,
624,conor-mckenna,Conor McKenna,St Kilda Saints,G-FWD,matched,Conor McKenna,Essendon,GEN_FWD,True,
696,conor-nash,Conor Nash,Sydney Swans,MID,matched,Conor Nash,Hawthorn,MID,True,
192,conor-stone,Conor Stone,Brisbane Lions,G-DEF,matched,Conor Stone,GWS,GEN_DEF,True,
237,cooper-bell,Cooper Bell,Free agents,"K-FWD,K-DEF,G-FWD,G-DEF",matched,Cooper Bell,Gold Coast,K-DEF,True,
343,cooper-duff-tytler,Cooper Duff-Tytler,Fremantle Dockers,"RUCK,G-FWD,K-FWD",matched,Cooper Duff-Tytler,West Coast,K-FWD,True,
607,cooper-harvey,Cooper Harvey,Richmond Tigers,G-FWD,matched,Cooper Harvey,North Melbourne,GEN_FWD,True,
320,cooper-hynes,Cooper Hynes,Fremantle Dockers,G-FWD,matched,Cooper Hynes,Western Bulldogs,MID,True,
769,cooper-lord,Cooper Lord,Western Bulldogs,MID,matched,Cooper Lord,Carlton,MID,True,
42,cooper-sharman,Cooper Sharman,Adelaide Crows,"G-FWD,K-FWD",matched,Cooper Sharman,St Kilda,K-FWD,True,
602,cooper-simpson,Cooper Simpson,Richmond Tigers,G-DEF,matched,Cooper Simpson,Fremantle,GEN_DEF,True,
594,cooper-trembath,Cooper Trembath,Richmond Tigers,"G-FWD,K-FWD",matched,Cooper Trembath,North Melbourne,K-FWD,True,
565,corey-durdin,Corey Durdin,Port Adelaide Power,G-FWD,matched,Corey Durdin,Carlton,GEN_FWD,True,
688,corey-wagner,Corey Wagner,Sydney Swans,"MID,G-DEF",matched,Corey Wagner,North Melbourne,GEN_DEF,True,
475,corey-warner,Corey Warner,Melbourne Demons,"MID,G-FWD",matched,Corey Warner,Sydney,GEN_FWD,True,
630,dan-houston,Dan Houston,St Kilda Saints,G-DEF,matched,Dan Houston,Port Adelaide,GEN_DEF,True,
62,dane-rampe,Dane Rampe,Brisbane Lions,G-DEF,matched,Dane Rampe,Sydney,GEN_DEF,True,
325,daniel-annable,Daniel Annable,Fremantle Dockers,MID,matched,Daniel Annable,Brisbane,MID,True,
244,daniel-butler,Daniel Butler,Free agents,G-FWD,matched,Daniel Butler,Richmond,GEN_FWD,True,
485,daniel-curtin,Daniel Curtin,Melbourne Demons,MID,matched,Daniel Curtin,Adelaide,MID,True,
87,daniel-mcstay,Daniel McStay,Brisbane Lions,"G-FWD,K-FWD",matched,Daniel McStay,Brisbane,K-FWD,True,
165,daniel-rioli,Daniel Rioli,Collingwood Magpies,G-DEF,matched,Daniel Rioli,Richmond,GEN_DEF,True,
751,daniel-turner,Daniel Turner,West Coast Eagles,"G-DEF,K-DEF",matched,Daniel Turner,Melbourne,K-DEF,True,
25,dante-visentini,Dante Visentini,Adelaide Crows,"RUCK,G-FWD,K-FWD",matched,Dante Visentini,Port Adelaide,RUCK,True,
572,darcy-byrne-jones,Darcy Byrne-Jones,Port Adelaide Power,"G-FWD,G-DEF",matched,Darcy Byrne-Jones,Port Adelaide,GEN_DEF,True,
740,darcy-cameron,Darcy Cameron,West Coast Eagles,RUCK,matched,Darcy Cameron,Sydney,RUCK,True,
568,darcy-fogarty,Darcy Fogarty,Port Adelaide Power,"G-FWD,K-FWD",matched,Darcy Fogarty,Adelaide,K-FWD,True,
167,darcy-fort,Darcy Fort,Collingwood Magpies,RUCK,matched,Darcy Fort,Geelong,RUCK,True,
354,darcy-gardiner,Darcy Gardiner,Geelong Cats,"G-DEF,K-FWD",matched,Darcy Gardiner,Brisbane,K-DEF,True,
218,darcy-jones,Darcy Jones,Essendon Bombers,G-FWD,matched,Darcy Jones,GWS,GEN_FWD,True,
733,darcy-moore,Darcy Moore,Essendon Bombers,"G-DEF,K-DEF",matched,Darcy Moore,Collingwood,K-DEF,True,
156,darcy-parish,Darcy Parish,Collingwood Magpies,MID,matched,Darcy Parish,Essendon,MID,True,
408,darcy-wilmot,Darcy Wilmot,Hawthorn Hawks,G-DEF,matched,Darcy Wilmot,Brisbane,GEN_DEF,True,
775,darcy-wilson,Darcy Wilson,Western Bulldogs,"MID,G-FWD",matched,Darcy Wilson,St Kilda,GEN_FWD,True,
268,darragh-joyce,Darragh Joyce,Free agents,"K-DEF,G-DEF",matched,Darragh Joyce,St Kilda,K-DEF,True,
536,dayne-zorko,Dayne Zorko,Port Adelaide Power,G-DEF,matched,Dayne Zorko,,GEN_DEF,True,
466,deven-robertson,Deven Robertson,Melbourne Demons,"G-FWD,MID",matched,Deven Robertson,Brisbane,MID,True,
689,dion-prestia,Dion Prestia,Sydney Swans,"MID,G-FWD",matched,Dion Prestia,Gold Coast,MID,True,
567,dougal-howard,Dougal Howard,Port Adelaide Power,"G-DEF,K-DEF",matched,Dougal Howard,Port Adelaide,K-DEF,True,
416,dylan-moore,Dylan Moore,Hawthorn Hawks,G-FWD,matched,Dylan Moore,Hawthorn,GEN_FWD,True,
134,dylan-patterson,Dylan Patterson,Melbourne Demons,G-DEF,matched,Dylan Patterson,Gold Coast,GEN_DEF,True,
194,dylan-stephens,Dylan Stephens,Essendon Bombers,MID,matched,Dylan Stephens,Sydney,MID,True,
334,dyson-sharp,Dyson Sharp,Fremantle Dockers,MID,matched,Dyson Sharp,Essendon,MID,True,
411,eamonn-armstrong,Eamonn Armstrong,Hawthorn Hawks,G-DEF,matched,Eamonn Armstrong,St Kilda,GEN_DEF,False,no_current_or_historical_scoring_games+not_recent_unplayed_draftee
713,ed-langdon,Ed Langdon,Sydney Swans,"MID,G-FWD,G-DEF",matched,Ed Langdon,Fremantle,GEN_DEF,True,
650,ed-richards,Ed Richards,St Kilda Saints,MID,matched,Ed Richards,Western Bulldogs,MID,True,
584,edward-allan,Edward Allan,Richmond Tigers,MID,matched,Edward Allan,Collingwood,MID,True,
445,elijah-hewett,Elijah Hewett,Melbourne Demons,MID,matched,Elijah Hewett,West Coast,MID,True,
213,elijah-hollands,Elijah Hollands,Essendon Bombers,"G-FWD,MID",matched,Elijah Hollands,Gold Coast,GEN_FWD,True,
451,elijah-tsatas,Elijah Tsatas,Melbourne Demons,MID,matched,Elijah Tsatas,Essendon,MID,True,
523,elliot-yeo,Elliot Yeo,North Melbourne Kangaroos,"MID,G-FWD",matched,Elliot Yeo,Brisbane,MID,True,
262,elliot-himmelberg,Elliott Himmelberg,Free agents,"K-FWD,G-FWD",matched,Elliott Himmelberg,Adelaide,K-FWD,True,
49,eric-hipwood,Eric Hipwood,Brisbane Lions,"G-FWD,K-FWD",matched,Eric Hipwood,Brisbane,K-FWD,True,
128,errol-gulden,Errol Gulden,Carlton Blues,MID,matched,Errol Gulden,Sydney,MID,True,
30,esava-ratugolea,Esava Ratugolea,Adelaide Crows,"G-DEF,K-DEF",matched,Esava Ratugolea,Geelong,K-DEF,True,
635,ethan-read,Ethan Read,St Kilda Saints,"G-FWD,K-FWD",matched,Ethan Read,Gold Coast,K-FWD,True,
621,ewan-mackinlay,Ewan Mackinlay,Richmond Tigers,"MID,G-FWD",matched,Ewan Mackinlay,Port Adelaide,GEN_FWD,True,
393,finlay-macrae,Finlay Macrae,Geelong Cats,"G-FWD,MID",matched,Finlay Macrae,Collingwood,MID,True,
471,finn-callaghan,Finn Callaghan,Melbourne Demons,MID,matched,Finn Callaghan,GWS,MID,True,
275,finn-maginness,Finn Maginness,Free agents,G-FWD,matched,Finn Maginness,Hawthorn,GEN_FWD,True,
170,finn-o-sullivan,Finn O'Sullivan,Collingwood Magpies,"G-DEF,MID",matched,Finn O'Sullivan,North Melbourne,MID,True,
394,finnbar-maley,Finnbar Maley,Geelong Cats,K-FWD,matched,Finnbar Maley,North Melbourne,K-FWD,True,
101,finnegan-davis,Finnegan Davis,Carlton Blues,G-DEF,matched,Finnegan Davis,GWS,GEN_DEF,True,
212,flynn-perez,Flynn Perez,Brisbane Lions,"MID,G-DEF",matched,Flynn Perez,North Melbourne,GEN_DEF,True,
2,flynn-riley,Flynn Riley,Adelaide Crows,RUCK,matched,Flynn Riley,Carlton,RUCK,False,no_current_or_historical_scoring_games+not_recent_unplayed_draftee
230,flynn-young,Flynn Young,Free agents,G-FWD,matched,Flynn Young,Carlton,GEN_FWD,True,
634,francis-evans,Francis Evans,St Kilda Saints,G-FWD,matched,Francis Evans,Geelong,GEN_FWD,True,
99,fred-rodriguez,Fred Rodriguez,Carlton Blues,G-FWD,matched,Fred Rodriguez,West Coast,MID,True,
545,george-hewett,George Hewett,Port Adelaide Power,MID,matched,George Hewett,Sydney,MID,True,
660,george-stevens,George Stevens,St Kilda Saints,MID,matched,George Stevens,Geelong,MID,True,
610,george-wardlaw,George Wardlaw,Richmond Tigers,MID,matched,George Wardlaw,North Melbourne,MID,True,
606,griffin-logue,Griffin Logue,Richmond Tigers,"G-DEF,K-DEF",matched,Griffin Logue,Fremantle,K-DEF,True,
85,gryan-miers,Gryan Miers,Brisbane Lions,G-FWD,matched,Gryan Miers,Geelong,GEN_FWD,True,
160,hamish-davis,Hamish Davis,Collingwood Magpies,MID,matched,Hamish Davis,West Coast,MID,True,
333,harley-barker,Harley Barker,Fremantle Dockers,MID,matched,Harley Barker,Geelong,MID,True,
477,harley-reid,Harley Reid,Melbourne Demons,MID,matched,Harley Reid,West Coast,MID,True,
161,harris-andrews,Harris Andrews,Collingwood Magpies,"G-DEF,K-DEF",matched,Harris Andrews,Brisbane,K-DEF,True,
566,harrison-coe,Harrison Coe,Port Adelaide Power,RUCK,matched,Harrison Coe,Collingwood,RUCK,False,no_current_or_historical_scoring_games+not_recent_unplayed_draftee
681,harrison-himmelberg,Harrison Himmelberg,Sydney Swans,G-DEF,matched,Harrison Himmelberg,GWS,GEN_DEF,True,
267,harrison-jones,Harrison Jones,Free agents,"K-FWD,G-FWD",matched,Harrison Jones,Essendon,K-FWD,True,
422,harrison-oliver,Harrison Oliver,Hawthorn Hawks,G-DEF,matched,Harrison Oliver,GWS,GEN_DEF,True,
385,harrison-petty,Harrison Petty,Geelong Cats,"G-FWD,K-FWD,G-DEF,K-DEF",matched,Harrison Petty,Melbourne,K-DEF,True,
17,harrison-ramm,Harrison Ramm,Adelaide Crows,"G-DEF,K-DEF",matched,Harrison Ramm,Port Adelaide,K-DEF,True,
410,harry-armstrong,Harry Armstrong,Hawthorn Hawks,"G-FWD,K-FWD",matched,Harry Armstrong,Richmond,K-FWD,True,
235,harry-barnett,Harry Barnett,Free agents,RUCK,matched,Harry Barnett,West Coast,RUCK,True,
499,harry-charleson,Harry Charleson,North Melbourne Kangaroos,"G-DEF,MID",matched,Harry Charleson,Carlton,GEN_DEF,True,
248,harry-cunningham,Harry Cunningham,Free agents,G-DEF,matched,Harry Cunningham,Sydney,GEN_DEF,True,
415,harry-dean,Harry Dean,Hawthorn Hawks,"G-DEF,K-DEF",matched,Harry Dean,Carlton,K-DEF,True,
121,harry-demattia,Harry Demattia,Carlton Blues,MID,matched,Harry DeMattia,Collingwood,MID,False,no_current_or_historical_scoring_games+no_recent_activity_signal+not_recent_unplayed_draftee
654,harry-edwards,Harry Edwards,St Kilda Saints,"G-DEF,K-DEF",matched,Harry Edwards,West Coast,K-DEF,True,
319,harry-kyle,Harry Kyle,Fremantle Dockers,"G-DEF,MID",matched,Harry Kyle,Sydney,GEN_DEF,True,
668,harry-mckay,Harry McKay,St Kilda Saints,"G-FWD,K-FWD",matched,Harry McKay,Carlton,K-FWD,True,
667,harry-morrison,Harry Morrison,St Kilda Saints,MID,matched,Harry Morrison,Hawthorn,MID,True,
677,harry-o-farrell,Harry O'Farrell,Sydney Swans,"G-DEF,K-DEF",matched,Harry O'Farrell,Carlton,K-DEF,True,
83,harry-perryman,Harry Perryman,Brisbane Lions,G-DEF,matched,Harry Perryman,GWS,GEN_DEF,True,
92,harry-rowston,Harry Rowston,Carlton Blues,MID,matched,Harry Rowston,GWS,MID,True,
27,harry-schoenberg,Harry Schoenberg,Adelaide Crows,"MID,G-FWD",matched,Harry Schoenberg,Adelaide,MID,True,
53,harry-sharp,Harry Sharp,Brisbane Lions,G-FWD,matched,Harry Sharp,Brisbane,GEN_FWD,True,
111,harry-sheezel,Harry Sheezel,Carlton Blues,"MID,G-FWD",matched,Harry Sheezel,North Melbourne,MID,True,
587,harvey-gallagher,Harvey Gallagher,Richmond Tigers,G-DEF,matched,Harvey Gallagher,Western Bulldogs,GEN_DEF,True,
730,harvey-harrison,Harvey Harrison,West Coast Eagles,G-FWD,matched,Harvey Harrison,Collingwood,GEN_FWD,True,
470,harvey-johnston,Harvey Johnston,Melbourne Demons,G-DEF,matched,Harvey Johnston,West Coast,GEN_DEF,True,
304,harvey-langford,Harvey Langford,Fremantle Dockers,MID,matched,Harvey Langford,Melbourne,MID,True,
738,harvey-thomas,Harvey Thomas,Brisbane Lions,"G-FWD,MID",matched,Harvey Thomas,GWS,GEN_FWD,True,
611,hayden-mclean,Hayden Mclean,Richmond Tigers,"G-FWD,K-FWD",matched,Hayden McLean,Sydney,K-FWD,True,
728,hayden-young,Hayden Young,West Coast Eagles,MID,matched,Hayden Young,Fremantle,MID,True,
704,heath-chapman,Heath Chapman,Sydney Swans,G-DEF,matched,Heath Chapman,Fremantle,GEN_DEF,True,
591,henry-hustwaite,Henry Hustwaite,Richmond Tigers,MID,matched,Henry Hustwaite,Hawthorn,MID,True,
421,henry-smith,Henry Smith,Hawthorn Hawks,"G-FWD,K-FWD",matched,Henry Smith,Brisbane,K-FWD,True,
120,hudson-o-keeffe,Hudson O'Keeffe,Carlton Blues,"K-FWD,RUCK",matched,Hudson O'Keeffe,Carlton,K-FWD,True,
318,hugh-bond,Hugh Bond,Fremantle Dockers,G-DEF,matched,Hugh Bond,Adelaide,GEN_DEF,True,
456,hugh-boxshall,Hugh Boxshall,Melbourne Demons,MID,matched,Hugh Boxshall,St Kilda,MID,True,
438,hugh-davies,Hugh Davies,Hawthorn Hawks,"G-DEF,K-DEF",matched,Hugh Davies,Fremantle,K-DEF,True,
47,hugh-mccluggage,Hugh McCluggage,Brisbane Lions,MID,matched,Hugh McCluggage,Brisbane,MID,True,
718,hugo-garcia,Hugo Garcia,West Coast Eagles,MID,matched,Hugo Garcia,St Kilda,MID,True,
174,hugo-hall-kahan,Hugo Hall-Kahan,Collingwood Magpies,"G-DEF,MID",matched,Hugo Hall-Kahan,Sydney,GEN_DEF,True,
608,hugo-mikunda,Hugo Mikunda,Richmond Tigers,"MID,G-FWD",matched,Hugo Mikunda,North Melbourne,GEN_FWD,True,
574,hugo-ralphsmith,Hugo Ralphsmith,Port Adelaide Power,MID,matched,Hugo Ralphsmith,Richmond,MID,True,
431,hunter-clark,Hunter Clark,Hawthorn Hawks,MID,matched,Hunter Clark,St Kilda,GEN_DEF,True,
307,hunter-holmes,Hunter Holmes,Fremantle Dockers,MID,matched,Hunter Holmes,Geelong,MID,True,
801,hussien-el-achkar,Hussien El Achkar,Western Bulldogs,G-FWD,matched,Hussien El Achkar,Essendon,GEN_FWD,True,
137,iliro-smit,Iliro Smit,Carlton Blues,RUCK,matched,Iliro Smit,Collingwood,RUCK,False,no_current_or_historical_scoring_games+not_recent_unplayed_draftee
403,indy-cotton,Indy Cotton,Hawthorn Hawks,G-FWD,matched,Indy Cotton,,GEN_DEF,False,no_current_or_historical_scoring_games+not_recent_unplayed_draftee
512,isaac-cumming,Isaac Cumming,North Melbourne Kangaroos,MID,matched,Isaac Cumming,GWS,GEN_DEF,True,
73,isaac-heeney,Isaac Heeney,West Coast Eagles,MID,matched,Isaac Heeney,Sydney,MID,True,
776,isaac-kako,Isaac Kako,Western Bulldogs,G-FWD,matched,Isaac Kako,Essendon,GEN_FWD,True,
434,isaac-keeler,Isaac Keeler,Hawthorn Hawks,"G-FWD,K-FWD",matched,Isaac Keeler,St Kilda,K-FWD,True,
68,isaac-quaynor,Isaac Quaynor,Brisbane Lions,G-DEF,matched,Isaac Quaynor,Collingwood,GEN_DEF,True,
122,isaiah-dudley,Isaiah Dudley,Carlton Blues,G-FWD,matched,Isaiah Dudley,Fremantle,GEN_FWD,True,
383,izak-rankine,Izak Rankine,Geelong Cats,"MID,G-FWD",matched,Izak Rankine,Gold Coast,GEN_FWD,True,
56,jack-bowes,Jack Bowes,Brisbane Lions,MID,matched,Jack Bowes,Gold Coast,MID,True,
727,jack-buckley,Jack Buckley,West Coast Eagles,"G-DEF,K-DEF",matched,Jack Buckley,GWS,K-DEF,True,
308,jack-buller,Jack Buller,Fremantle Dockers,"G-FWD,K-FWD",matched,Jack Buller,Sydney,K-FWD,True,
21,jack-carroll,Jack Carroll,Adelaide Crows,"MID,G-DEF",matched,Jack Carroll,Carlton,MID,True,
502,jack-crisp,Jack Crisp,North Melbourne Kangaroos,MID,matched,Jack Crisp,Brisbane,MID,True,
311,jack-dalton,Jack Dalton,Fremantle Dockers,MID,matched,Jack Dalton,Hawthorn,GEN_FWD,True,
506,jack-darling,Jack Darling,North Melbourne Kangaroos,"G-FWD,K-FWD",matched,Jack Darling,West Coast,K-FWD,True,
495,jack-ginnivan,Jack Ginnivan,North Melbourne Kangaroos,G-FWD,matched,Jack Ginnivan,Collingwood,GEN_FWD,True,
575,jack-graham,Jack Graham,Port Adelaide Power,"MID,G-FWD",matched,Jack Graham,Richmond,MID,True,
653,jack-gunston,Jack Gunston,St Kilda Saints,"G-FWD,K-FWD",matched,Jack Gunston,Adelaide,K-FWD,True,
260,jack-henderson,Jack Henderson,Free agents,G-FWD,matched,Jack Henderson,Melbourne,GEN_FWD,True,
362,jack-henry,Jack Henry,Geelong Cats,"G-DEF,K-DEF",matched,Jack Henry,Geelong,K-DEF,True,
364,jack-higgins,Jack Higgins,Geelong Cats,G-FWD,matched,Jack Higgins,Richmond,GEN_FWD,True,
476,jack-hutchinson,Jack Hutchinson,Melbourne Demons,MID,matched,Jack Hutchinson,West Coast,MID,True,
339,jack-ison,Jack Ison,Fremantle Dockers,MID,matched,Jack Ison,Carlton,GEN_FWD,True,
199,jack-lukosius,Jack Lukosius,Essendon Bombers,"G-FWD,K-FWD",matched,Jack Lukosius,Gold Coast,K-FWD,True,
72,jack-martin,Jack Martin,Brisbane Lions,G-FWD,matched,Jack Martin,Gold Coast,GEN_FWD,True,
795,jack-ough,Jack Ough,Western Bulldogs,MID,matched,Jack Ough,GWS,MID,True,
82,jack-payne,Jack Payne,Brisbane Lions,"G-DEF,K-DEF",matched,Jack Payne,Brisbane,K-DEF,True,
149,jack-ross,Jack Ross,Collingwood Magpies,"MID,G-FWD",matched,Jack Ross,Richmond,MID,True,
196,jack-scrimshaw,Jack Scrimshaw,Essendon Bombers,G-DEF,matched,Jack Scrimshaw,Gold Coast,GEN_DEF,True,
150,jack-silvagni,Jack Silvagni,Collingwood Magpies,"G-DEF,K-DEF",matched,Jack Silvagni,Carlton,K-DEF,True,
540,jack-sinclair,Jack Sinclair,Port Adelaide Power,G-DEF,matched,Jack Sinclair,St Kilda,GEN_DEF,True,
533,jack-steele,Jack Steele,Port Adelaide Power,MID,matched,Jack Steele,GWS,MID,True,
516,jack-viney,Jack Viney,North Melbourne Kangaroos,MID,matched,Jack Viney,Melbourne,MID,True,
44,jack-watkins,Jack Watkins,Adelaide Crows,"MID,G-FWD",matched,Jack Watkins,Port Adelaide,MID,True,
341,jack-whitlock,Jack Whitlock,Fremantle Dockers,"G-FWD,K-FWD",matched,Jack Whitlock,Port Adelaide,K-FWD,True,
460,jack-williams,Jack Williams,Melbourne Demons,"G-FWD,K-FWD",matched,Jack Williams,West Coast,K-FWD,True,
233,jackson-archer,Jackson Archer,Free agents,G-DEF,matched,Jackson Archer,North Melbourne,GEN_DEF,True,
663,jackson-macrae,Jackson Macrae,St Kilda Saints,MID,matched,Jackson Macrae,Western Bulldogs,MID,True,
498,jackson-mead,Jackson Mead,North Melbourne Kangaroos,MID,matched,Jackson Mead,Port Adelaide,GEN_FWD,True,
346,jacob-farrow,Jacob Farrow,Fremantle Dockers,"G-DEF,MID",matched,Jacob Farrow,Essendon,GEN_DEF,True,
703,jacob-hopper,Jacob Hopper,Sydney Swans,MID,matched,Jacob Hopper,GWS,MID,True,
173,jacob-konstanty,Jacob Konstanty,Collingwood Magpies,G-FWD,matched,Jacob Konstanty,Sydney,GEN_FWD,True,
656,jacob-molier,Jacob Molier,St Kilda Saints,RUCK,matched,Jacob Molier,Geelong,RUCK,True,
323,jacob-moss,Jacob Moss,Fremantle Dockers,"G-DEF,K-DEF",matched,Jacob Moss,Port Adelaide,K-FWD,False,no_current_or_historical_scoring_games+not_recent_unplayed_draftee
478,jacob-newton,Jacob Newton,Melbourne Demons,G-FWD,matched,Jacob Newton,West Coast,GEN_FWD,True,
359,jacob-wehr,Jacob Wehr,Geelong Cats,"G-DEF,MID",matched,Jacob Wehr,GWS,GEN_DEF,True,
657,jacob-weitering,Jacob Weitering,St Kilda Saints,"G-DEF,K-DEF",matched,Jacob Weitering,Carlton,K-DEF,True,
210,jacob-van-rooyen,Jacob van Rooyen,Essendon Bombers,"G-FWD,K-FWD",matched,Jacob Van Rooyen,Melbourne,K-FWD,True,
370,jade-gresham,Jade Gresham,Geelong Cats,G-FWD,matched,Jade Gresham,St Kilda,GEN_FWD,True,
86,jaeger-o-meara,Jaeger O'Meara,Brisbane Lions,MID,matched,Jaeger O'Meara,Gold Coast,MID,True,
332,jagga-smith,Jagga Smith,Fremantle Dockers,"MID,G-FWD",matched,Jagga Smith,Carlton,MID,True,
126,jai-culley,Jai Culley,Carlton Blues,MID,matched,Jai Culley,West Coast,MID,True,
313,jai-murray,Jai Murray,Fremantle Dockers,MID,matched,Jai Murray,Gold Coast,MID,True,
755,jai-newcombe,Jai Newcombe,West Coast Eagles,MID,matched,Jai Newcombe,Hawthorn,MID,True,
722,jai-saxena,Jai Saxena,West Coast Eagles,G-FWD,matched,Jai Saxena,Collingwood,GEN_FWD,False,no_current_or_historical_scoring_games+not_recent_unplayed_draftee
505,jai-serong,Jai Serong,North Melbourne Kangaroos,"G-DEF,K-DEF",matched,Jai Serong,Hawthorn,GEN_DEF,True,
296,jaime-uhr-henry,Jaime Uhr-Henry,Free agents,RUCK,matched,Jaime Uhr-Henry,Hawthorn,RUCK,False,no_current_or_historical_scoring_games+not_recent_unplayed_draftee
719,jake-bowey,Jake Bowey,West Coast Eagles,G-DEF,matched,Jake Bowey,Melbourne,GEN_DEF,True,
554,jake-kolodjashnij,Jake Kolodjashnij,Port Adelaide Power,"G-DEF,K-DEF",matched,Jake Kolodjashnij,Geelong,K-DEF,True,
164,jake-lever,Jake Lever,Collingwood Magpies,G-DEF,matched,Jake Lever,Adelaide,K-DEF,True,
351,jake-lloyd,Jake Lloyd,Geelong Cats,"MID,G-FWD",matched,Jake Lloyd,Sydney,GEN_DEF,True,
281,jake-melksham,Jake Melksham,Free agents,"K-FWD,G-FWD",matched,Jake Melksham,Essendon,K-FWD,True,
535,jake-riccardi,Jake Riccardi,Port Adelaide Power,"RUCK,G-FWD,K-FWD",matched,Jake Riccardi,GWS,K-FWD,True,
454,jake-rogers,Jake Rogers,Melbourne Demons,G-FWD,matched,Jake Rogers,Gold Coast,GEN_FWD,True,
112,jake-soligo,Jake Soligo,Carlton Blues,"MID,G-FWD",matched,Jake Soligo,Adelaide,MID,True,
63,jake-stringer,Jake Stringer,Brisbane Lions,G-FWD,matched,Jake Stringer,Western Bulldogs,GEN_FWD,True,
724,jake-waterman,Jake Waterman,West Coast Eagles,"G-FWD,K-FWD",matched,Jake Waterman,West Coast,K-FWD,True,
217,jakob-ryan,Jakob Ryan,West Coast Eagles,G-DEF,matched,Jakob Ryan,Collingwood,GEN_DEF,False,no_recent_activity_signal+not_recent_unplayed_draftee
525,james-barrat,James Barrat,North Melbourne Kangaroos,"G-DEF,G-FWD,K-FWD,K-DEF",matched,James Barrat,St Kilda,K-DEF,True,
240,james-blanck,James Blanck,Free agents,"K-DEF,G-DEF",matched,James Blanck,Hawthorn,K-DEF,False,no_recent_activity_signal+not_recent_unplayed_draftee
326,james-borlase,James Borlase,Fremantle Dockers,"G-DEF,K-DEF",matched,James Borlase,Adelaide,K-DEF,True,
22,james-jordon,James Jordon,Adelaide Crows,"MID,G-FWD",matched,James Jordon,Melbourne,MID,True,
427,james-leake,James Leake,Hawthorn Hawks,"G-DEF,G-FWD",matched,James Leake,GWS,GEN_DEF,True,
596,james-o-donnell,James O'Donnell,Richmond Tigers,"G-DEF,K-DEF",matched,James O'Donnell,Western Bulldogs,K-DEF,True,
178,james-peatling,James Peatling,Collingwood Magpies,MID,matched,James Peatling,GWS,MID,True,
686,james-rowbottom,James Rowbottom,Sydney Swans,MID,matched,James Rowbottom,Sydney,MID,True,
375,james-sicily,James Sicily,Geelong Cats,G-DEF,matched,James Sicily,Hawthorn,GEN_DEF,True,
798,james-trezise,James Trezise,Western Bulldogs,"G-DEF,MID",matched,James Trezise,Richmond,GEN_DEF,True,
295,james-tunstill,James Tunstill,Free agents,MID,matched,James Tunstill,Brisbane,MID,True,
542,james-worpel,James Worpel,Port Adelaide Power,MID,matched,James Worpel,Hawthorn,MID,True,
247,jamie-cripps,Jamie Cripps,Free agents,G-FWD,matched,Jamie Cripps,St Kilda,GEN_FWD,True,
78,jamie-elliott,Jamie Elliott,Brisbane Lions,G-FWD,matched,Jamie Elliott,,GEN_FWD,True,
560,jaren-carr,Jaren Carr,Port Adelaide Power,G-FWD,matched,Jaren Carr,Fremantle,GEN_FWD,True,
157,jarman-impey,Jarman Impey,Collingwood Magpies,G-DEF,matched,Jarman Impey,Port Adelaide,GEN_DEF,True,
710,jarrod-berry,Jarrod Berry,Sydney Swans,MID,matched,Jarrod Berry,Brisbane,MID,True,
571,jarrod-witts,Jarrod Witts,Port Adelaide Power,RUCK,matched,Jarrod Witts,Collingwood,RUCK,True,
200,jase-burgoyne,Jase Burgoyne,Essendon Bombers,"G-DEF,MID",matched,Jase Burgoyne,Port Adelaide,GEN_DEF,True,
381,jason-horne-francis,Jason Horne-Francis,Geelong Cats,"MID,G-FWD",matched,Jason Horne-Francis,North Melbourne,MID,True,
15,jaspa-fletcher,Jaspa Fletcher,Adelaide Crows,G-DEF,matched,Jaspa Fletcher,Brisbane,GEN_DEF,True,
115,jasper-alger,Jasper Alger,Carlton Blues,G-FWD,matched,Jasper Alger,Richmond,GEN_FWD,True,
402,jaxon-artemis,Jaxon Artemis,Hawthorn Hawks,G-DEF,matched,Jaxon Artemis,Essendon,GEN_DEF,False,no_current_or_historical_scoring_games+not_recent_unplayed_draftee
306,jaxon-prior,Jaxon Prior,Fremantle Dockers,G-DEF,matched,Jaxon Prior,Brisbane,GEN_DEF,True,
322,jay-polkinghorne,Jay Polkinghorne,Fremantle Dockers,"G-FWD,K-FWD",matched,Jay Polkinghorne,Geelong,GEN_FWD,True,
754,jayden-laverde,Jayden Laverde,West Coast Eagles,"G-DEF,K-DEF",matched,Jayden Laverde,Essendon,K-DEF,True,
283,jayden-nguyen,Jayden Nguyen,Free agents,G-DEF,matched,Jayden Nguyen,Essendon,GEN_DEF,True,
570,jayden-short,Jayden Short,Port Adelaide Power,G-DEF,matched,Jayden Short,Richmond,GEN_DEF,True,
446,jed-adams,Jed Adams,Melbourne Demons,"G-DEF,K-DEF",matched,Jed Adams,Melbourne,K-DEF,True,
239,jed-bews,Jed Bews,Free agents,G-DEF,matched,Jed Bews,Geelong,GEN_DEF,True,
444,jed-walter,Jed Walter,Melbourne Demons,"G-FWD,K-FWD",matched,Jed Walter,Gold Coast,K-FWD,True,
224,jedd-busslinger,Jedd Busslinger,Essendon Bombers,"G-DEF,K-DEF",matched,Jedd Busslinger,Western Bulldogs,K-DEF,True,
496,jeremy-cameron,Jeremy Cameron,North Melbourne Kangaroos,"G-FWD,K-FWD",matched,Jeremy Cameron,GWS,K-FWD,True,
541,jeremy-howe,Jeremy Howe,Port Adelaide Power,G-DEF,matched,Jeremy Howe,Melbourne,GEN_DEF,True,
162,jeremy-sharp,Jeremy Sharp,Collingwood Magpies,MID,matched,Jeremy Sharp,Gold Coast,MID,True,
171,jesse-dattoli,Jesse Dattoli,Collingwood Magpies,G-FWD,matched,Jesse Dattoli,Sydney,GEN_FWD,True,
543,jesse-hogan,Jesse Hogan,Port Adelaide Power,"G-FWD,K-FWD",matched,Jesse Hogan,Melbourne,K-FWD,True,
392,jesse-mellor,Jesse Mellor,Geelong Cats,G-FWD,matched,Jesse Mellor,Geelong,MID,False,no_current_or_historical_scoring_games+not_recent_unplayed_draftee
179,jesse-motlop,Jesse Motlop,Adelaide Crows,G-FWD,matched,Jesse Motlop,Carlton,GEN_FWD,True,
302,jevan-phillipou,Jevan Phillipou,Fremantle Dockers,MID,matched,Jevan Phillipou,Sydney,GEN_FWD,True,
365,jhye-clark,Jhye Clark,Geelong Cats,"MID,G-FWD",matched,Jhye Clark,Geelong,MID,True,
792,jobe-shanahan,Jobe Shanahan,Western Bulldogs,"G-FWD,K-FWD",matched,Jobe Shanahan,West Coast,K-FWD,True,
26,joe-berry,Joe Berry,Adelaide Crows,G-FWD,matched,Joe Berry,Port Adelaide,GEN_FWD,True,
524,joe-pike,Joe Pike,North Melbourne Kangaroos,RUCK,matched,Joe Pike,Geelong,RUCK,True,
11,joe-richards,Joe Richards,Adelaide Crows,G-FWD,matched,Joe Richards,Collingwood,GEN_FWD,True,
177,joel-amartey,Joel Amartey,Collingwood Magpies,"G-FWD,K-FWD",matched,Joel Amartey,Sydney,K-FWD,True,
409,joel-cochran,Joel Cochran,Hawthorn Hawks,G-DEF,matched,Joel Cochran,Collingwood,K-DEF,True,
670,joel-fitzgerald,Joel Fitzgerald,Sydney Swans,MID,matched,Joel Fitzgerald,Melbourne,MID,True,
259,joel-hamling,Joel Hamling,Free agents,"K-DEF,G-DEF",matched,Joel Hamling,Geelong,K-DEF,True,
529,joel-jeffrey,Joel Jeffrey,North Melbourne Kangaroos,G-DEF,matched,Joel Jeffrey,Gold Coast,GEN_DEF,True,
674,john-noble,John Noble,Sydney Swans,G-DEF,matched,John Noble,Collingwood,GEN_DEF,True,
124,jonty-faull,Jonty Faull,Carlton Blues,"G-FWD,K-FWD",matched,Jonty Faull,Richmond,K-FWD,True,
243,jordan-boyd,Jordan Boyd,Free agents,G-DEF,matched,Jordan Boyd,Carlton,GEN_DEF,True,
745,jordan-clark,Jordan Clark,West Coast Eagles,G-DEF,matched,Jordan Clark,Geelong,GEN_DEF,True,
417,jordan-croft,Jordan Croft,Hawthorn Hawks,"G-FWD,K-FWD",matched,Jordan Croft,Western Bulldogs,K-FWD,True,
52,jordan-dawson,Jordan Dawson,West Coast Eagles,MID,matched,Jordan Dawson,Sydney,MID,True,
12,jordan-ridley,Jordan Ridley,Adelaide Crows,G-DEF,matched,Jordan Ridley,Essendon,GEN_DEF,True,
510,jordan-de-goey,Jordan de Goey,North Melbourne Kangaroos,"MID,G-FWD",matched,Jordan De Goey,Collingwood,GEN_FWD,True,
340,jordon-butts,Jordon Butts,Fremantle Dockers,"G-DEF,K-DEF",matched,Jordon Butts,Adelaide,K-DEF,True,
665,jordon-sweet,Jordon Sweet,St Kilda Saints,RUCK,matched,Jordon Sweet,Western Bulldogs,RUCK,True,
637,josaia-delana,Josaia Delana,St Kilda Saints,G-FWD,matched,Josaia Delana,GWS,GEN_FWD,True,
633,joseph-fonti,Joseph Fonti,St Kilda Saints,G-DEF,matched,Joseph Fonti,GWS,GEN_DEF,True,
185,josh-battle,Josh Battle,West Coast Eagles,"G-DEF,K-DEF",matched,Josh Battle,St Kilda,K-DEF,True,
90,josh-daicos,Josh Daicos,Brisbane Lions,G-DEF,matched,Josh Daicos,Collingwood,GEN_DEF,True,
401,josh-dolan,Josh Dolan,Hawthorn Hawks,G-FWD,matched,Josh Dolan,Western Bulldogs,GEN_FWD,True,
197,josh-draper,Josh Draper,Essendon Bombers,"G-DEF,K-DEF",matched,Josh Draper,Fremantle,K-DEF,True,
363,josh-dunkley,Josh Dunkley,Geelong Cats,MID,matched,Josh Dunkley,Western Bulldogs,MID,True,
770,josh-gibcus,Josh Gibcus,Western Bulldogs,"G-DEF,K-DEF",matched,Josh Gibcus,Richmond,K-DEF,True,
433,josh-goater,Josh Goater,Hawthorn Hawks,G-DEF,matched,Josh Goater,North Melbourne,GEN_DEF,True,
347,josh-lai,Josh Lai,Fremantle Dockers,"MID,G-DEF",matched,Josh Lai,Port Adelaide,GEN_DEF,True,
661,josh-lindsay,Josh Lindsay,St Kilda Saints,G-DEF,matched,Josh Lindsay,West Coast,GEN_DEF,True,
316,josh-rachele,Josh Rachele,Fremantle Dockers,"G-FWD,MID",matched,Josh Rachele,Adelaide,GEN_FWD,True,
187,josh-sinn,Josh Sinn,Essendon Bombers,G-DEF,matched,Josh Sinn,Port Adelaide,GEN_DEF,True,
131,josh-smillie,Josh Smillie,Carlton Blues,MID,matched,Josh Smillie,Richmond,MID,True,
742,josh-treacy,Josh Treacy,West Coast Eagles,"G-FWD,K-FWD",matched,Josh Treacy,Fremantle,K-FWD,True,
195,josh-ward,Josh Ward,Essendon Bombers,MID,matched,Josh Ward,Hawthorn,MID,True,
726,josh-worrell,Josh Worrell,West Coast Eagles,G-DEF,matched,Josh Worrell,Adelaide,GEN_DEF,True,
8,joshua-kelly,Joshua Kelly,Adelaide Crows,MID,matched,Joshua Kelly,GWS,MID,True,
578,joshua-weddle,Joshua Weddle,Richmond Tigers,"G-DEF,MID",matched,Joshua Weddle,Hawthorn,GEN_DEF,True,
592,judd-mcvee,Judd McVee,Richmond Tigers,G-DEF,matched,Judd McVee,Melbourne,GEN_DEF,True,
176,judson-clarke,Judson Clarke,Collingwood Magpies,G-FWD,matched,Judson Clarke,Richmond,GEN_FWD,True,
136,justin-mcinerney,Justin McInerney,Carlton Blues,"MID,G-FWD",matched,Justin McInerney,Sydney,MID,True,
253,jy-farrar,Jy Farrar,Free agents,"K-FWD,G-FWD",matched,Jy Farrar,Gold Coast,K-FWD,True,
139,jy-simpkin,Jy Simpkin,Collingwood Magpies,"MID,G-FWD",matched,Jy Simpkin,North Melbourne,MID,True,
180,jye-amiss,Jye Amiss,Collingwood Magpies,"G-FWD,K-FWD",matched,Jye Amiss,Fremantle,K-FWD,True,
46,jye-caldwell,Jye Caldwell,Brisbane Lions,MID,matched,Jye Caldwell,GWS,MID,True,
80,kade-chandler,Kade Chandler,Brisbane Lions,G-FWD,matched,Kade Chandler,Melbourne,GEN_FWD,True,
151,kai-lohmann,Kai Lohmann,Collingwood Magpies,G-FWD,matched,Kai Lohmann,Brisbane,GEN_FWD,True,
746,kalani-white,Kalani White,West Coast Eagles,"RUCK,G-FWD,K-FWD",matched,Kalani White,Melbourne,K-FWD,False,no_current_or_historical_scoring_games+not_recent_unplayed_draftee
290,kaleb-smith,Kaleb Smith,Free agents,G-DEF,matched,Kaleb Smith,Richmond,GEN_DEF,True,
741,kane-farrell,Kane Farrell,Essendon Bombers,G-DEF,matched,Kane Farrell,Port Adelaide,GEN_DEF,True,
133,kane-mcauliffe,Kane McAuliffe,Carlton Blues,MID,matched,Kane McAuliffe,Richmond,MID,True,
642,karl-amon,Karl Amon,St Kilda Saints,G-DEF,matched,Karl Amon,Port Adelaide,GEN_DEF,True,
503,karl-worner,Karl Worner,North Melbourne Kangaroos,G-DEF,matched,Karl Worner,Fremantle,GEN_DEF,True,
312,kayle-gerreyn,Kayle Gerreyn,Fremantle Dockers,RUCK,matched,Kayle Gerreyn,Essendon,K-FWD,True,
450,keidean-coleman,Keidean Coleman,Melbourne Demons,G-DEF,matched,Keidean Coleman,Brisbane,GEN_DEF,True,
276,keighton-matofai-forbes,Keighton Matofai-Forbes,Free agents,"G-FWD,G-DEF",matched,Keighton Matofai-Forbes,Geelong,GEN_DEF,True,
14,kieren-briggs,Kieren Briggs,Adelaide Crows,RUCK,matched,Kieren Briggs,GWS,RUCK,True,
436,kobe-mcdonald,Kobe McDonald,Hawthorn Hawks,G-DEF,matched,Kobe McDonald,,GEN_DEF,False,no_current_or_historical_scoring_games+not_recent_unplayed_draftee
103,koby-coulson,Koby Coulson,Carlton Blues,MID,matched,Koby Coulson,Gold Coast,MID,True,
229,koby-evans,Koby Evans,Free agents,MID,matched,Koby Evans,Brisbane,GEN_FWD,True,
142,koltyn-tholstrup,Koltyn Tholstrup,Collingwood Magpies,"G-FWD,G-DEF",matched,Koltyn Tholstrup,Melbourne,GEN_DEF,True,
117,kye-annand,Kye Annand,Carlton Blues,"K-DEF,G-DEF",matched,Kye Annand,Richmond,K-DEF,True,
429,kye-fincher,Kye Fincher,Hawthorn Hawks,"G-DEF,MID",matched,Kye Fincher,St Kilda,MID,True,
644,kyle-langford,Kyle Langford,St Kilda Saints,"G-FWD,K-FWD,MID",matched,Kyle Langford,Essendon,K-FWD,True,
595,kysaiah-pickett,Kysaiah Pickett,Richmond Tigers,"MID,G-FWD",matched,Kysaiah Pickett,Melbourne,GEN_FWD,True,
469,lachie-jaques,Lachie Jaques,Melbourne Demons,G-DEF,matched,Lachie Jaques,Western Bulldogs,GEN_DEF,True,
706,lachie-neale,Lachie Neale,Sydney Swans,MID,matched,Lachie Neale,Fremantle,MID,True,
293,lachie-sullivan,Lachie Sullivan,Free agents,G-FWD,matched,Lachie Sullivan,Collingwood,GEN_FWD,True,
521,lachie-whitfield,Lachie Whitfield,North Melbourne Kangaroos,G-DEF,matched,Lachie Whitfield,GWS,GEN_DEF,True,
472,lachlan-ash,Lachlan Ash,Melbourne Demons,G-DEF,matched,Lachlan Ash,GWS,GEN_DEF,True,
720,lachlan-blakiston,Lachlan Blakiston,West Coast Eagles,"G-DEF,K-DEF,RUCK",matched,Lachlan Blakiston,Essendon,K-DEF,True,
158,lachlan-bramble,Lachlan Bramble,Collingwood Magpies,"G-DEF,G-FWD",matched,Lachlan Bramble,Western Bulldogs,GEN_FWD,True,
396,lachlan-carmichael,Lachlan Carmichael,Hawthorn Hawks,"G-DEF,MID",matched,Lachlan Carmichael,Western Bulldogs,GEN_DEF,True,
737,lachlan-cowan,Lachlan Cowan,Essendon Bombers,G-DEF,matched,Lachlan Cowan,Carlton,GEN_DEF,True,
254,lachlan-fogarty,Lachlan Fogarty,Free agents,G-FWD,matched,Lachlan Fogarty,Geelong,GEN_FWD,True,
715,lachlan-gulbin,Lachlan Gulbin,Sydney Swans,G-FWD,matched,Lachlan Gulbin,Gold Coast,GEN_FWD,True,
7,lachlan-jones,Lachlan Jones,Adelaide Crows,G-DEF,matched,Lachlan Jones,Port Adelaide,GEN_DEF,True,
55,lachlan-mcandrew,Lachlan McAndrew,Brisbane Lions,RUCK,matched,Lachlan McAndrew,Sydney,RUCK,True,
280,lachlan-mcneil,Lachlan McNeil,Free agents,G-FWD,matched,Lachlan McNeil,Western Bulldogs,GEN_FWD,True,
5,lachlan-schultz,Lachlan Schultz,Adelaide Crows,G-FWD,matched,Lachlan Schultz,Fremantle,GEN_FWD,True,
289,lachlan-sholl,Lachlan Sholl,Free agents,MID,matched,Lachlan Sholl,Adelaide,MID,True,
181,lachlan-smith,Lachlan Smith,Collingwood Magpies,RUCK,matched,Lachlan Smith,Western Bulldogs,RUCK,True,
89,lachlan-weller,Lachlan Weller,Brisbane Lions,MID,matched,Lachlan Weller,Fremantle,MID,True,
330,lachy-dovaston,Lachy Dovaston,Fremantle Dockers,G-FWD,matched,Lachy Dovaston,North Melbourne,GEN_FWD,True,
298,laitham-vandermeer,Laitham Vandermeer,Free agents,G-FWD,matched,Laitham Vandermeer,Western Bulldogs,GEN_FWD,True,
412,lance-collard,Lance Collard,Hawthorn Hawks,G-FWD,matched,Lance Collard,St Kilda,GEN_FWD,True,
172,latrelle-pickett,Latrelle Pickett,Collingwood Magpies,G-FWD,matched,Latrelle Pickett,Melbourne,GEN_FWD,True,
389,lawson-humphries,Lawson Humphries,Geelong Cats,G-DEF,matched,Lawson Humphries,Geelong,GEN_DEF,True,
576,leek-aleer,Leek Aleer,Port Adelaide Power,"G-DEF,K-DEF",matched,Leek Aleer,GWS,K-DEF,True,
632,lennox-hoffman,Lennox Hoffman,St Kilda Saints,G-DEF,matched,Lennox Hoffman,Geelong,GEN_DEF,True,
327,leo-lombard,Leo Lombard,Fremantle Dockers,G-FWD,matched,Leo Lombard,Gold Coast,GEN_FWD,True,
269,leon-kickett,Leon Kickett,Free agents,G-FWD,matched,Leon Kickett,Fremantle,GEN_FWD,True,
209,levi-ashcroft,Levi Ashcroft,Essendon Bombers,MID,matched,Levi Ashcroft,Brisbane,MID,True,
764,lewis-hayes,Lewis Hayes,Western Bulldogs,G-DEF,matched,Lewis Hayes,Essendon,K-DEF,True,
71,lewis-melican,Lewis Melican,Brisbane Lions,"G-DEF,K-DEF",matched,Lewis Melican,Sydney,K-DEF,True,
130,lewis-young,Lewis Young,Carlton Blues,"G-DEF,K-FWD,K-DEF",matched,Lewis Young,Western Bulldogs,K-DEF,True,
127,liam-baker,Liam Baker,Carlton Blues,G-DEF,matched,Liam Baker,Richmond,GEN_DEF,True,
16,liam-duggan,Liam Duggan,Adelaide Crows,G-DEF,matched,Liam Duggan,West Coast,GEN_DEF,True,
107,liam-fawcett,Liam Fawcett,Carlton Blues,"G-FWD,K-FWD",matched,Liam Fawcett,Richmond,K-FWD,True,
202,liam-henry,Liam Henry,Essendon Bombers,G-FWD,matched,Liam Henry,Fremantle,GEN_FWD,True,
627,liam-hetherton,Liam Hetherton,St Kilda Saints,"G-FWD,K-FWD",matched,Liam Hetherton,Sydney,K-FWD,False,no_current_or_historical_scoring_games+not_recent_unplayed_draftee
279,liam-mcmahon,Liam McMahon,Free agents,"K-FWD,G-FWD",matched,Liam McMahon,Collingwood,K-FWD,True,
743,liam-o-connell,Liam O'Connell,West Coast Eagles,G-DEF,matched,Liam O'Connell,St Kilda,GEN_DEF,True,
531,liam-puncher,Liam Puncher,North Melbourne Kangaroos,K-DEF,matched,Liam Puncher,Collingwood,K-DEF,False,no_current_or_historical_scoring_games+not_recent_unplayed_draftee
771,liam-reidy,Liam Reidy,Western Bulldogs,"RUCK,G-FWD,K-FWD",matched,Liam Reidy,Fremantle,RUCK,True,
453,liam-ryan,Liam Ryan,Melbourne Demons,G-FWD,matched,Liam Ryan,West Coast,GEN_FWD,True,
373,liam-stocker,Liam Stocker,Free Agents,G-DEF,matched,Liam Stocker,Carlton,GEN_DEF,True,
227,lincoln-mccarthy,Lincoln McCarthy,Essendon Bombers,"G-FWD,G-DEF",matched,Lincoln McCarthy,Geelong,GEN_FWD,True,
106,lloyd-meek,Lloyd Meek,Carlton Blues,RUCK,matched,Lloyd Meek,Fremantle,RUCK,True,
700,logan-evans,Logan Evans,Sydney Swans,G-DEF,matched,Logan Evans,Port Adelaide,GEN_DEF,True,
203,logan-mcdonald,Logan McDonald,Essendon Bombers,"G-FWD,K-FWD",matched,Logan McDonald,Sydney,K-FWD,True,
690,logan-morris,Logan Morris,Sydney Swans,"G-FWD,K-FWD",matched,Logan Morris,Brisbane,K-FWD,True,
321,logan-smith,Logan Smith,Fremantle Dockers,RUCK,matched,Logan Smith,GWS,RUCK,True,
19,louis-emmett,Louis Emmett,Adelaide Crows,RUCK,matched,Louis Emmett,Western Bulldogs,RUCK,True,
329,lucas-camporeale,Lucas Camporeale,Fremantle Dockers,MID,matched,Lucas Camporeale,Carlton,MID,True,
442,lucca-grego,Lucca Grego,Melbourne Demons,G-DEF,matched,Lucca Grego,West Coast,GEN_DEF,True,
28,lukas-cooke,Lukas Cooke,Adelaide Crows,G-DEF,matched,Lukas Cooke,Melbourne,K-DEF,True,
537,luke-beecken,Luke Beecken,Port Adelaide Power,MID,matched,Luke Beecken,Brisbane,MID,True,
675,luke-cleary,Luke Cleary,Sydney Swans,G-DEF,matched,Luke Cleary,Western Bulldogs,GEN_DEF,True,
598,luke-davies-uniacke,Luke Davies-Uniacke,Richmond Tigers,MID,matched,Luke Davies-Uniacke,North Melbourne,MID,True,
647,luke-jackson,Luke Jackson,St Kilda Saints,RUCK,matched,Luke Jackson,Melbourne,RUCK,True,
508,luke-kennedy,Luke Kennedy,North Melbourne Kangaroos,MID,matched,Luke Kennedy,Western Bulldogs,MID,True,
272,luke-lloyd,Luke Lloyd,Free agents,"K-FWD,G-FWD",matched,Luke Lloyd,Brisbane,K-FWD,False,no_current_or_historical_scoring_games+no_recent_activity_signal+not_recent_unplayed_draftee
356,luke-mcdonald,Luke McDonald,Geelong Cats,G-DEF,matched,Luke McDonald,North Melbourne,GEN_DEF,True,
786,luke-nankervis,Luke Nankervis,Western Bulldogs,MID,matched,Luke Nankervis,Adelaide,GEN_DEF,True,
511,luke-parker,Luke Parker,North Melbourne Kangaroos,"MID,G-DEF",matched,Luke Parker,Sydney,GEN_DEF,True,
204,luke-pedlar,Luke Pedlar,Essendon Bombers,G-FWD,matched,Luke Pedlar,Adelaide,GEN_FWD,True,
756,luke-ryan,Luke Ryan,West Coast Eagles,G-DEF,matched,Luke Ryan,Fremantle,GEN_DEF,True,
109,luke-trainor,Luke Trainor,Carlton Blues,G-DEF,matched,Luke Trainor,Richmond,K-DEF,True,
443,luke-urquhart,Luke Urquhart,Melbourne Demons,MID,matched,Luke Urquhart,North Melbourne,MID,True,
116,luker-kentfield,Luker Kentfield,Carlton Blues,"G-FWD,K-FWD",matched,Luker Kentfield,Melbourne,K-FWD,True,
145,mabior-chol,Mabior Chol,Collingwood Magpies,"G-FWD,K-FWD",matched,Mabior Chol,Richmond,K-FWD,True,
784,mac-andrew,Mac Andrew,Western Bulldogs,"G-DEF,K-DEF",matched,Mac Andrew,Gold Coast,K-DEF,True,
480,malakai-champion,Malakai Champion,Melbourne Demons,G-FWD,matched,Malakai Champion,West Coast,GEN_FWD,True,
464,malcolm-rosas,Malcolm Rosas,Melbourne Demons,G-FWD,matched,Malcolm Rosas,Gold Coast,GEN_FWD,True,
493,mani-liddy,Mani Liddy,North Melbourne Kangaroos,MID,matched,Mani Liddy,Port Adelaide,MID,True,
695,marc-pittonet,Marc Pittonet,Sydney Swans,RUCK,matched,Marc Pittonet,Hawthorn,RUCK,True,
749,marcus-bontempelli,Marcus Bontempelli,West Coast Eagles,MID,matched,Marcus Bontempelli,Western Bulldogs,MID,True,
191,marcus-herbert,Marcus Herbert,Essendon Bombers,MID,matched,Marcus Herbert,West Coast,GEN_DEF,True,
766,marcus-windhager,Marcus Windhager,Western Bulldogs,"MID,G-DEF",matched,Marcus Windhager,St Kilda,MID,True,
369,mark-blicavs,Mark Blicavs,Geelong Cats,"RUCK,MID",matched,Mark Blicavs,Geelong,MID,True,
43,mark-keane,Mark Keane,Adelaide Crows,"G-DEF,K-DEF",matched,Mark Keane,Collingwood,K-DEF,True,
77,mark-o-connor,Mark O'Connor,Brisbane Lions,"G-DEF,MID",matched,Mark O'Connor,Geelong,GEN_DEF,True,
379,mason-cox,Mason Cox,Geelong Cats,"RUCK,G-FWD,K-FWD",matched,Mason Cox,Collingwood,K-FWD,True,
154,mason-redman,Mason Redman,Collingwood Magpies,G-DEF,matched,Mason Redman,Essendon,GEN_DEF,True,
557,mason-wood,Mason Wood,Port Adelaide Power,"MID,G-FWD",matched,Mason Wood,North Melbourne,GEN_FWD,True,
350,massimo-d-ambrosio,Massimo D'Ambrosio,Geelong Cats,MID,matched,Massimo D'Ambrosio,Essendon,MID,True,
799,matt-carroll,Matt Carroll,Western Bulldogs,"G-DEF,MID",matched,Matt Carroll,Carlton,MID,True,
34,matt-cottrell,Matt Cottrell,Adelaide Crows,"MID,G-FWD",matched,Matt Cottrell,Carlton,MID,True,
515,matt-duffy,Matt Duffy,North Melbourne Kangaroos,"G-DEF,K-DEF",matched,Matt Duffy,Carlton,GEN_DEF,False,no_current_or_historical_scoring_games+not_recent_unplayed_draftee
257,matt-guelfi,Matt Guelfi,Free agents,G-FWD,matched,Matt Guelfi,Essendon,GEN_FWD,True,
261,matt-hill,Matt Hill,Free agents,G-DEF,matched,Matt Hill,Hawthorn,GEN_FWD,False,no_current_or_historical_scoring_games+not_recent_unplayed_draftee
788,matt-johnson-1,Matt Johnson,Western Bulldogs,MID,matched,Matt Johnson,Fremantle,MID,True,
285,matt-owies,Matt Owies,Free agents,G-FWD,matched,Matt Owies,Carlton,GEN_FWD,True,
153,matt-rowell,Matt Rowell,Collingwood Magpies,MID,matched,Matt Rowell,Gold Coast,MID,True,
1,matt-whitlock,Matt Whitlock,Adelaide Crows,"G-DEF,G-FWD,K-DEF",matched,Matt Whitlock,North Melbourne,K-FWD,True,
51,mattaes-phillipou,Mattaes Phillipou,Brisbane Lions,"G-FWD,MID",matched,Mattaes Phillipou,St Kilda,MID,True,
693,matthew-flynn,Matthew Flynn,Sydney Swans,RUCK,matched,Matthew Flynn,GWS,RUCK,True,
118,matthew-jefferson,Matthew Jefferson,Carlton Blues,"G-FWD,K-FWD",matched,Matthew Jefferson,Melbourne,K-FWD,True,
636,matthew-kennedy-1,Matthew Kennedy,St Kilda Saints,MID,matched,Matthew Kennedy,GWS,MID,True,
406,matthew-leray,Matthew LeRay,Hawthorn Hawks,MID,matched,Matthew LeRay,Hawthorn,MID,True,
782,matthew-roberts,Matthew Roberts,Western Bulldogs,"G-DEF,MID",matched,Matthew Roberts,Sydney,GEN_DEF,True,
671,maurice-rioli-1,Maurice Rioli,Sydney Swans,G-FWD,matched,Maurice Rioli,Richmond,GEN_FWD,True,
97,max-beattie,Max Beattie,Carlton Blues,"MID,G-FWD",matched,Max Beattie,Hawthorn,GEN_FWD,False,no_current_or_historical_scoring_games+not_recent_unplayed_draftee
522,max-gawn,Max Gawn,North Melbourne Kangaroos,RUCK,matched,Max Gawn,Melbourne,RUCK,True,
188,max-gruzewski,Max Gruzewski,Essendon Bombers,"G-FWD,K-FWD",matched,Max Gruzewski,GWS,K-FWD,True,
781,max-hall,Max Hall,Western Bulldogs,"G-FWD,MID",matched,Max Hall,St Kilda,GEN_FWD,True,
691,max-heath,Max Heath,Sydney Swans,"RUCK,G-FWD,K-FWD",matched,Max Heath,St Kilda,RUCK,True,
390,max-holmes,Max Holmes,Geelong Cats,MID,matched,Max Holmes,Geelong,MID,True,
432,max-king-stk,Max King,Hawthorn Hawks,"K-FWD,G-FWD",matched,Max King,St Kilda,K-FWD,True,
303,max-knobel,Max Knobel,Fremantle Dockers,RUCK,matched,Max Knobel,Fremantle,RUCK,False,no_current_or_historical_scoring_games+no_recent_activity_signal+not_recent_unplayed_draftee
420,max-kondogiannis,Max Kondogiannis,Hawthorn Hawks,G-DEF,matched,Max Kondogiannis,Essendon,GEN_DEF,True,
692,max-mapley,Max Mapley,Sydney Swans,RUCK,matched,Max Mapley,Melbourne,RUCK,False,no_current_or_historical_scoring_games+not_recent_unplayed_draftee
100,max-michalanney,Max Michalanney,Carlton Blues,G-DEF,matched,Max Michalanney,Adelaide,GEN_DEF,True,
397,max-ramsden,Max Ramsden,Hawthorn Hawks,"G-FWD,K-FWD",matched,Max Ramsden,Hawthorn,K-FWD,True,
593,max-king-syd,Maxwell King,Richmond Tigers,"G-FWD,K-FWD",matched,Maxwell King,Sydney,GEN_FWD,True,
547,michael-frederick,Michael Frederick,Port Adelaide Power,"G-FWD,MID",matched,Michael Frederick,Fremantle,GEN_FWD,True,
48,michael-sellwood,Michael Sellwood,Brisbane Lions,G-DEF,matched,Michael Sellwood,Western Bulldogs,GEN_DEF,True,
582,milan-murdock,Milan Murdock,Richmond Tigers,"MID,G-FWD",matched,Milan Murdock,West Coast,GEN_FWD,True,
774,miles-bergman,Miles Bergman,Western Bulldogs,G-DEF,matched,Miles Bergman,Port Adelaide,GEN_DEF,True,
497,mitch-georgiades,Mitch Georgiades,North Melbourne Kangaroos,"G-FWD,K-FWD",matched,Mitch Georgiades,Port Adelaide,K-FWD,True,
361,mitch-mcgovern,Mitch McGovern,Geelong Cats,"G-DEF,G-FWD",matched,Mitch McGovern,Adelaide,GEN_DEF,True,
404,mitch-podhajski,Mitch Podhajski,Hawthorn Hawks,"G-FWD,K-FWD",matched,Mitch Podhajski,Collingwood,K-FWD,True,
534,mitch-zadow,Mitch Zadow,Port Adelaide Power,G-FWD,matched,Mitch Zadow,Port Adelaide,GEN_FWD,True,
804,mitchell-edwards,Mitchell Edwards,Western Bulldogs,RUCK,matched,Mitchell Edwards,Geelong,RUCK,True,
175,mitchell-hinge,Mitchell Hinge,Collingwood Magpies,G-DEF,matched,Mitchell Hinge,Brisbane,GEN_DEF,True,
597,mitchell-knevitt,Mitchell Knevitt,Richmond Tigers,MID,matched,Mitchell Knevitt,Geelong,MID,True,
486,mitchell-lewis,Mitchell Lewis,North Melbourne Kangaroos,"G-FWD,K-FWD",matched,Mitchell Lewis,Hawthorn,K-FWD,True,
419,mitchell-marsh,Mitchell Marsh,Hawthorn Hawks,"G-FWD,K-FWD",matched,Mitchell Marsh,Adelaide,K-FWD,True,
797,mitchito-owens,Mitchito Owens,Western Bulldogs,K-FWD,matched,Mitchito Owens,St Kilda,K-FWD,True,
331,murphy-reid,Murphy Reid,Fremantle Dockers,G-FWD,matched,Murphy Reid,Fremantle,GEN_FWD,True,
105,mykelti-lefau,Mykelti Lefau,Carlton Blues,"G-FWD,K-FWD",matched,Mykelti Lefau,Richmond,K-FWD,True,
744,nasiah-wanganeen-milera,Nasiah Wanganeen-Milera,Brisbane Lions,"G-DEF,MID",matched,Nasiah Wanganeen-Milera,St Kilda,MID,True,
183,nate-caddy,Nate Caddy,Essendon Bombers,"G-FWD,K-FWD",matched,Nate Caddy,Essendon,K-FWD,True,
614,nathan-broad,Nathan Broad,Richmond Tigers,G-DEF,matched,Nathan Broad,Richmond,GEN_DEF,True,
184,nathan-o-driscoll,Nathan O'Driscoll,Essendon Bombers,MID,matched,Nathan O'Driscoll,Fremantle,MID,True,
793,nathan-wardius,Nathan Wardius,Western Bulldogs,G-FWD,matched,Nathan Wardius,GWS,GEN_FWD,False,no_current_or_historical_scoring_games+no_recent_activity_signal+not_recent_unplayed_draftee
242,ned-bowman,Ned Bowman,Free agents,G-FWD,matched,Ned Bowman,Sydney,GEN_FWD,True,
731,ned-long,Ned Long,Brisbane Lions,"MID,G-FWD",matched,Ned Long,Hawthorn,MID,True,
652,ned-moyle,Ned Moyle,St Kilda Saints,RUCK,matched,Ned Moyle,Gold Coast,RUCK,True,
580,ned-reeves,Ned Reeves,Richmond Tigers,RUCK,matched,Ned Reeves,Hawthorn,RUCK,True,
198,neil-erasmus,Neil Erasmus,Essendon Bombers,MID,matched,Neil Erasmus,Fremantle,MID,True,
758,nic-newman,Nic Newman,West Coast Eagles,G-DEF,matched,Nic Newman,Sydney,GEN_DEF,True,
725,nicholas-coffield,Nicholas Coffield,West Coast Eagles,G-DEF,matched,Nicholas Coffield,St Kilda,GEN_DEF,True,
263,nicholas-holman,Nicholas Holman,Free agents,G-FWD,matched,Nicholas Holman,Carlton,GEN_FWD,True,
455,nicholas-martin,Nicholas Martin,Melbourne Demons,"MID,G-FWD",matched,Nicholas Martin,Essendon,MID,True,
146,nick-blakey,Nick Blakey,Collingwood Magpies,G-DEF,matched,Nick Blakey,Sydney,GEN_DEF,True,
763,nick-bryan,Nick Bryan,Western Bulldogs,RUCK,matched,Nick Bryan,Essendon,RUCK,True,
530,nick-daicos,Nick Daicos,North Melbourne Kangaroos,MID,matched,Nick Daicos,Collingwood,MID,True,
577,nick-driscoll,Nick Driscoll,Port Adelaide Power,G-FWD,matched,Nick Driscoll,Geelong,MID,True,
732,nick-haynes,Nick Haynes,West Coast Eagles,G-DEF,matched,Nick Haynes,GWS,GEN_DEF,True,
66,nick-larkey,Nick Larkey,Brisbane Lions,"G-FWD,K-FWD",matched,Nick Larkey,North Melbourne,K-FWD,True,
413,nick-madden,Nick Madden,Hawthorn Hawks,RUCK,matched,Nick Madden,GWS,RUCK,True,
342,nick-murray,Nick Murray,Fremantle Dockers,"G-DEF,K-DEF",matched,Nick Murray,Adelaide,K-DEF,True,
638,nick-vlastuin,Nick Vlastuin,St Kilda Saints,G-DEF,matched,Nick Vlastuin,Richmond,GEN_DEF,True,
182,nick-watson,Nick Watson,Collingwood Magpies,G-FWD,matched,Nick Watson,Hawthorn,GEN_FWD,True,
65,nikolas-cox,Nikolas Cox,Essendon Bombers,MID,matched,Nikolas Cox,Essendon,K-FWD,True,
615,noah-anderson,Noah Anderson,Richmond Tigers,MID,matched,Noah Anderson,Gold Coast,MID,True,
640,noah-answerth,Noah Answerth,St Kilda Saints,G-DEF,matched,Noah Answerth,Brisbane,GEN_DEF,True,
13,noah-balta,Noah Balta,Adelaide Crows,"G-DEF,G-FWD,K-FWD,K-DEF",matched,Noah Balta,Richmond,K-FWD,True,
666,noah-chamberlain,Noah Chamberlain,St Kilda Saints,"G-FWD,K-FWD",matched,Noah Chamberlain,Sydney,GEN_FWD,False,no_current_or_historical_scoring_games+not_recent_unplayed_draftee
716,noah-howes,Noah Howes,Essendon Bombers,"G-FWD,K-FWD",matched,Noah Howes,Collingwood,K-FWD,False,no_current_or_historical_scoring_games+not_recent_unplayed_draftee
273,noah-long,Noah Long,Free agents,G-FWD,matched,Noah Long,West Coast,GEN_FWD,True,
473,noah-mraz,Noah Mraz,Melbourne Demons,"G-DEF,K-DEF",matched,Noah Mraz,Hawthorn,K-DEF,True,
104,noah-roberts-thomson,Noah Roberts-Thomson,Carlton Blues,MID,matched,Noah Roberts-Thomson,Richmond,GEN_FWD,True,
387,oisin-mullin,Oisin Mullin,Geelong Cats,"G-DEF,MID",matched,Oisin Mullin,Geelong,GEN_DEF,True,
712,oliver-florent,Oliver Florent,Sydney Swans,"MID,G-DEF",matched,Oliver Florent,Sydney,GEN_DEF,True,
310,oliver-francou,Oliver Francou,Fremantle Dockers,MID,matched,Oliver Francou,West Coast,MID,False,no_current_or_historical_scoring_games+not_recent_unplayed_draftee
216,oliver-griffin,Oliver Griffin,Essendon Bombers,G-FWD,matched,Oliver Griffin,North Melbourne,GEN_FWD,False,no_current_or_historical_scoring_games+not_recent_unplayed_draftee
448,oliver-hannaford,Oliver Hannaford,Melbourne Demons,MID,matched,Oliver Hannaford,GWS,GEN_FWD,True,
74,oliver-hayes-brown,Oliver Hayes-Brown,Brisbane Lions,RUCK,matched,Oliver Hayes-Brown,Richmond,RUCK,True,
88,oliver-henry,Oliver Henry,Brisbane Lions,"G-FWD,K-FWD",matched,Oliver Henry,Collingwood,GEN_FWD,True,
694,oliver-hollands,Oliver Hollands,Sydney Swans,"G-DEF,MID",matched,Oliver Hollands,Carlton,GEN_DEF,True,
552,oliver-wiltshire,Oliver Wiltshire,Port Adelaide Power,G-FWD,matched,Oliver Wiltshire,Geelong,GEN_FWD,True,
643,oliver-wines,Oliver Wines,St Kilda Saints,MID,matched,Oliver Wines,Port Adelaide,MID,True,
349,ollie-dempsey,Ollie Dempsey,Geelong Cats,MID,matched,Ollie Dempsey,Geelong,MID,True,
418,ollie-greeves,Ollie Greeves,Hawthorn Hawks,MID,matched,Ollie Greeves,Hawthorn,MID,True,
723,ollie-lord,Ollie Lord,West Coast Eagles,"G-FWD,K-FWD",matched,Ollie Lord,Port Adelaide,K-FWD,True,
648,ollie-murphy,Ollie Murphy,St Kilda Saints,"G-DEF,K-DEF",matched,Ollie Murphy,Fremantle,K-DEF,False,no_current_or_historical_scoring_games+no_recent_activity_signal+not_recent_unplayed_draftee
474,oscar-adams,Oscar Adams,Melbourne Demons,"G-DEF,K-DEF",matched,Oscar Adams,St Kilda,GEN_DEF,True,
110,oscar-allen,Oscar Allen,Carlton Blues,"G-FWD,K-FWD",matched,Oscar Allen,West Coast,K-FWD,True,
238,oscar-berry,Oscar Berry,Free agents,"K-DEF,G-DEF",matched,Oscar Berry,,K-DEF,False,no_current_or_historical_scoring_games+not_recent_unplayed_draftee
277,oscar-mcdonald,Oscar McDonald,Free agents,"K-DEF,G-DEF",matched,Oscar McDonald,Melbourne,K-DEF,True,
205,oscar-ryan,Oscar Ryan,Adelaide Crows,G-DEF,matched,Oscar Ryan,Adelaide,GEN_DEF,False,no_current_or_historical_scoring_games+no_recent_activity_signal+not_recent_unplayed_draftee
6,oscar-steene,Oscar Steene,Adelaide Crows,"RUCK,G-FWD,K-FWD",matched,Oscar Steene,Collingwood,RUCK,True,
70,oskar-baker,Oskar Baker,Brisbane Lions,"G-DEF,MID,G-FWD",matched,Oskar Baker,Melbourne,GEN_FWD,True,
425,oskar-taylor,Oskar Taylor,Hawthorn Hawks,G-DEF,matched,Oskar Taylor,GWS,GEN_DEF,True,
619,paddy-cross,Paddy Cross,Richmond Tigers,G-FWD,matched,Paddy Cross,Melbourne,GEN_FWD,True,
64,paddy-dow,Paddy Dow,Brisbane Lions,MID,matched,Paddy Dow,Carlton,MID,True,
245,patrick-carr,Patrick Carr,Free agents,RUCK,matched,Patrick Carr,,RUCK,False,no_current_or_historical_scoring_games+not_recent_unplayed_draftee
532,patrick-cripps,Patrick Cripps,Port Adelaide Power,MID,matched,Patrick Cripps,Carlton,MID,True,
546,patrick-dangerfield,Patrick Dangerfield,Port Adelaide Power,G-FWD,matched,Patrick Dangerfield,Adelaide,GEN_FWD,True,
138,patrick-lipinski,Patrick Lipinski,Collingwood Magpies,"MID,G-FWD",matched,Patrick Lipinski,Western Bulldogs,GEN_FWD,True,
132,patrick-retschko,Patrick Retschko,Carlton Blues,MID,matched,Patrick Retschko,Geelong,MID,True,
287,patrick-said,Patrick Said,Free agents,G-FWD,matched,Patrick Said,St Kilda,GEN_FWD,True,
428,patrick-snell,Patrick Snell,Hawthorn Hawks,"G-DEF,G-FWD,K-FWD,K-DEF",matched,Patrick Snell,Sydney,K-DEF,False,no_current_or_historical_scoring_games+no_recent_activity_signal+not_recent_unplayed_draftee
336,patrick-voss,Patrick Voss,Fremantle Dockers,"G-FWD,K-FWD",matched,Patrick Voss,Essendon,K-FWD,True,
616,paul-curtis,Paul Curtis,Richmond Tigers,G-FWD,matched,Paul Curtis,North Melbourne,GEN_FWD,True,
664,peter-ladhams,Peter Ladhams,St Kilda Saints,"RUCK,G-FWD,K-FWD",matched,Peter Ladhams,Port Adelaide,RUCK,True,
559,peter-wright,Peter Wright,Port Adelaide Power,"G-FWD,K-FWD,RUCK",matched,Peter Wright,Gold Coast,K-FWD,True,
414,phoenix-gothard,Phoenix Gothard,Hawthorn Hawks,G-FWD,matched,Phoenix Gothard,GWS,GEN_FWD,True,
294,reece-torrent,Reece Torrent,Free agents,MID,matched,Reece Torrent,Brisbane,MID,False,no_current_or_historical_scoring_games+no_recent_activity_signal+not_recent_unplayed_draftee
528,reef-mcinnes,Reef McInnes,North Melbourne Kangaroos,"G-DEF,K-DEF",matched,Reef McInnes,Collingwood,K-DEF,True,
348,reilly-o-brien,Reilly O'Brien,Geelong Cats,RUCK,matched,Reilly O'Brien,Adelaide,RUCK,True,
468,reuben-ginbey,Reuben Ginbey,Melbourne Demons,G-DEF,matched,Reuben Ginbey,West Coast,K-DEF,True,
113,rhett-bazzo,Rhett Bazzo,Carlton Blues,"G-DEF,K-DEF",matched,Rhett Bazzo,West Coast,K-DEF,True,
659,rhyan-mansell,Rhyan Mansell,St Kilda Saints,G-FWD,matched,Rhyan Mansell,Richmond,GEN_FWD,True,
517,rhylee-west,Rhylee West,North Melbourne Kangaroos,G-FWD,matched,Rhylee West,Western Bulldogs,GEN_FWD,True,
352,rhys-stanley,Rhys Stanley,Geelong Cats,RUCK,matched,Rhys Stanley,St Kilda,RUCK,True,
297,rhys-unwin,Rhys Unwin,Free agents,G-FWD,matched,Rhys Unwin,Essendon,GEN_FWD,True,
555,riak-andrew,Riak Andrew,Port Adelaide Power,"G-DEF,K-DEF",matched,Riak Andrew,Sydney,K-DEF,True,
772,ricky-mentha,Ricky Mentha,Western Bulldogs,"G-DEF,G-FWD",matched,Ricky Mentha,Melbourne,GEN_FWD,False,no_current_or_historical_scoring_games+not_recent_unplayed_draftee
147,riley-bice,Riley Bice,Collingwood Magpies,G-DEF,matched,Riley Bice,Sydney,GEN_DEF,True,
220,riley-garcia,Riley Garcia,Essendon Bombers,"MID,G-FWD",matched,Riley Garcia,Western Bulldogs,GEN_FWD,True,
258,riley-hamilton,Riley Hamilton,Free agents,"G-FWD,MID",matched,Riley Hamilton,GWS,GEN_FWD,False,no_current_or_historical_scoring_games+not_recent_unplayed_draftee
683,riley-hardeman,Riley Hardeman,Sydney Swans,G-DEF,matched,Riley Hardeman,North Melbourne,GEN_DEF,True,
368,riley-onley,Riley Onley,Geelong Cats,MID,matched,Riley Onley,Melbourne,MID,True,
449,riley-thilthorpe,Riley Thilthorpe,Melbourne Demons,"G-FWD,K-FWD",matched,Riley Thilthorpe,Adelaide,K-FWD,True,
291,river-stevens,River Stevens,Free agents,"G-FWD,MID",matched,River Stevens,North Melbourne,GEN_FWD,True,
500,roan-steele,Roan Steele,North Melbourne Kangaroos,MID,matched,Roan Steele,Collingwood,MID,True,
282,rob-monahan,Rob Monahan,Free agents,G-DEF,matched,Rob Monahan,Carlton,GEN_DEF,False,no_current_or_historical_scoring_games+no_recent_activity_signal+not_recent_unplayed_draftee
717,robert-hansen,Robert Hansen,West Coast Eagles,"MID,G-FWD",matched,Robert Hansen,North Melbourne,GEN_FWD,True,
526,rory-laird,Rory Laird,North Melbourne Kangaroos,G-DEF,matched,Rory Laird,Adelaide,GEN_DEF,True,
551,rory-lobb,Rory Lobb,Port Adelaide Power,"G-DEF,K-DEF",matched,Rory Lobb,GWS,K-DEF,True,
561,rowan-marshall,Rowan Marshall,Port Adelaide Power,"RUCK,K-FWD",matched,Rowan Marshall,St Kilda,RUCK,True,
424,ryan-angwin,Ryan Angwin,Hawthorn Hawks,MID,matched,Ryan Angwin,GWS,MID,True,
10,ryan-byrnes,Ryan Byrnes,Adelaide Crows,G-DEF,matched,Ryan Byrnes,St Kilda,GEN_DEF,True,
255,ryan-gardner,Ryan Gardner,Free agents,"K-DEF,G-DEF",matched,Ryan Gardner,Geelong,K-DEF,True,
709,ryan-lester,Ryan Lester,Sydney Swans,G-DEF,matched,Ryan Lester,Brisbane,K-DEF,True,
655,ryan-maric,Ryan Maric,St Kilda Saints,"G-DEF,MID",matched,Ryan Maric,West Coast,MID,True,
274,ryda-luke,Ryda Luke,Free agents,G-FWD,matched,Ryda Luke,Fremantle,GEN_FWD,False,no_current_or_historical_scoring_games+not_recent_unplayed_draftee
699,ryley-sanders,Ryley Sanders,Sydney Swans,"MID,G-FWD",matched,Ryley Sanders,Western Bulldogs,MID,True,
518,saad-el-hawli,Saad El-Hawli,North Melbourne Kangaroos,MID,matched,Saad El-Hawli,Essendon,GEN_DEF,True,
707,sam-allen,Sam Allen,Sydney Swans,"MID,G-FWD",matched,Sam Allen,West Coast,MID,True,
119,sam-banks,Sam Banks,Carlton Blues,"G-DEF,MID",matched,Sam Banks,Richmond,GEN_DEF,True,
701,sam-berry,Sam Berry,Sydney Swans,MID,matched,Sam Berry,Adelaide,MID,True,
585,sam-butler-1,Sam Butler,Richmond Tigers,"MID,G-FWD",matched,Sam Butler,Hawthorn,GEN_FWD,True,
680,sam-clohesy,Sam Clohesy,Sydney Swans,MID,matched,Sam Clohesy,Gold Coast,MID,True,
458,sam-cumming,Sam Cumming,Carlton Blues,MID,matched,Sam Cumming,Richmond,MID,True,
3,sam-darcy,Sam Darcy,Adelaide Crows,"G-FWD,K-FWD",matched,Sam Darcy,Western Bulldogs,K-FWD,True,
58,sam-davidson,Sam Davidson,Brisbane Lions,"MID,G-FWD",matched,Sam Davidson,Western Bulldogs,GEN_FWD,True,
386,sam-de-koning,Sam De Koning,Geelong Cats,"G-DEF,K-DEF",matched,Sam De Koning,Geelong,K-DEF,True,
514,sam-draper,Sam Draper,North Melbourne Kangaroos,"RUCK,G-FWD,K-FWD",matched,Sam Draper,Essendon,RUCK,True,
739,sam-durham,Sam Durham,West Coast Eagles,"MID,G-FWD",matched,Sam Durham,Essendon,MID,True,
37,sam-flanders,Sam Flanders,Adelaide Crows,"G-FWD,MID,G-DEF",matched,Sam Flanders,Gold Coast,MID,True,
123,sam-lalor,Sam Lalor,Carlton Blues,"G-FWD,MID",matched,Sam Lalor,Richmond,MID,True,
761,sam-marshall,Sam Marshall,Western Bulldogs,MID,matched,Sam Marshall,Brisbane,MID,True,
33,sam-powell-pepper,Sam Powell-Pepper,Adelaide Crows,G-FWD,matched,Sam Powell-Pepper,Port Adelaide,GEN_FWD,True,
292,sam-sturt,Sam Sturt,Free agents,G-FWD,matched,Sam Sturt,Fremantle,GEN_FWD,True,
702,sam-switkowski,Sam Switkowski,Sydney Swans,G-FWD,matched,Sam Switkowski,Fremantle,GEN_FWD,True,
513,sam-taylor,Sam Taylor,North Melbourne Kangaroos,"G-DEF,K-DEF",matched,Sam Taylor,GWS,K-DEF,True,
45,sam-walsh,Sam Walsh,Brisbane Lions,MID,matched,Sam Walsh,Carlton,MID,True,
140,sam-wicks,Sam Wicks,Collingwood Magpies,G-DEF,matched,Sam Wicks,Sydney,GEN_DEF,True,
208,samson-ryan,Samson Ryan,West Coast Eagles,RUCK,matched,Samson Ryan,Richmond,RUCK,True,
631,samuel-collins,Samuel Collins,St Kilda Saints,"G-DEF,K-DEF",matched,Samuel Collins,Fremantle,K-DEF,True,
143,samuel-grlj,Samuel Grlj,Collingwood Magpies,"G-DEF,MID",matched,Samuel Grlj,Richmond,MID,True,
228,samuel-swadling,Samuel Swadling,Essendon Bombers,MID,matched,Samuel Swadling,Collingwood,MID,True,
676,sandy-brock,Sandy Brock,Sydney Swans,"G-DEF,K-DEF",matched,Sandy Brock,Gold Coast,K-DEF,True,
487,scott-pendlebury,Scott Pendlebury,North Melbourne Kangaroos,MID,matched,Scott Pendlebury,,MID,True,
144,sean-darcy,Sean Darcy,Collingwood Magpies,RUCK,matched,Sean Darcy,Fremantle,RUCK,True,
658,seth-campbell,Seth Campbell,St Kilda Saints,G-FWD,matched,Seth Campbell,Richmond,GEN_FWD,True,
226,shadeau-brain,Shadeau Brain,Essendon Bombers,G-DEF,matched,Shadeau Brain,Brisbane,GEN_DEF,True,
651,shai-bolton,Shai Bolton,St Kilda Saints,"MID,G-FWD",matched,Shai Bolton,Richmond,GEN_FWD,True,
374,shannon-neale,Shannon Neale,Geelong Cats,"G-FWD,K-FWD",matched,Shannon Neale,Geelong,K-FWD,True,
721,shaun-mannagh,Shaun Mannagh,West Coast Eagles,G-FWD,matched,Shaun Mannagh,Geelong,GEN_FWD,True,
447,sid-draper,Sid Draper,Melbourne Demons,"MID,G-FWD",matched,Sid Draper,Adelaide,MID,True,
729,steele-sidebottom,Steele Sidebottom,West Coast Eagles,MID,matched,Steele Sidebottom,Collingwood,MID,True,
697,steely-green,Steely Green,Sydney Swans,G-FWD,matched,Steely Green,Richmond,GEN_FWD,True,
544,stephen-coniglio,Stephen Coniglio,Port Adelaide Power,"MID,G-FWD",matched,Stephen Coniglio,GWS,MID,True,
317,sullivan-robey,Sullivan Robey,Fremantle Dockers,"MID,G-FWD",matched,Sullivan Robey,Essendon,MID,True,
405,tai-hayes,Tai Hayes,Hawthorn Hawks,"MID,G-FWD",matched,Tai Hayes,Brisbane,GEN_FWD,True,
426,taj-hotton,Taj Hotton,Hawthorn Hawks,G-FWD,matched,Taj Hotton,Richmond,MID,True,
787,talor-byrne,Talor Byrne,Western Bulldogs,"MID,G-FWD",matched,Talor Byrne,Carlton,GEN_FWD,True,
762,tanner-bruhn,Tanner Bruhn,Western Bulldogs,MID,matched,Tanner Bruhn,GWS,MID,True,
623,taylor-goad,Taylor Goad,Richmond Tigers,RUCK,matched,Taylor Goad,North Melbourne,RUCK,True,
367,taylor-walker,Taylor Walker,Geelong Cats,"G-FWD,K-FWD",matched,Taylor Walker,Adelaide,K-FWD,True,
423,tew-jiath,Tew Jiath,Hawthorn Hawks,G-DEF,matched,Tew Jiath,Collingwood,GEN_DEF,True,
102,thomas-burton,Thomas Burton,Carlton Blues,MID,matched,Thomas Burton,Richmond,GEN_FWD,True,
748,thomas-liberatore,Thomas Liberatore,West Coast Eagles,MID,matched,Thomas Liberatore,Western Bulldogs,MID,True,
459,thomas-matthews,Thomas Matthews,Melbourne Demons,G-FWD,matched,Thomas Matthews,Melbourne,GEN_FWD,True,
439,thomas-sims,Thomas Sims,Hawthorn Hawks,"G-FWD,K-FWD",matched,Thomas Sims,Richmond,K-FWD,True,
564,thomas-stewart,Thomas Stewart,Port Adelaide Power,G-DEF,matched,Thomas Stewart,Geelong,GEN_DEF,True,
625,tim-kelly,Tim Kelly,St Kilda Saints,"MID,G-FWD",matched,Tim Kelly,Geelong,MID,True,
538,tim-membrey,Tim Membrey,Port Adelaide Power,"G-FWD,K-FWD",matched,Tim Membrey,Sydney,K-FWD,True,
757,tim-taranto,Tim Taranto,West Coast Eagles,MID,matched,Tim Taranto,GWS,MID,True,
36,timothy-english,Timothy English,Adelaide Crows,RUCK,matched,Timothy English,Western Bulldogs,RUCK,True,
463,tobie-travaglia,Tobie Travaglia,Melbourne Demons,"G-DEF,MID",matched,Tobie Travaglia,St Kilda,GEN_DEF,True,
67,toby-bedford,Toby Bedford,Brisbane Lions,"MID,G-FWD",matched,Toby Bedford,Melbourne,GEN_FWD,True,
222,toby-conway,Toby Conway,Essendon Bombers,RUCK,matched,Toby Conway,Geelong,RUCK,True,
501,toby-greene,Toby Greene,North Melbourne Kangaroos,"G-FWD,MID",matched,Toby Greene,GWS,GEN_FWD,True,
465,toby-mcmullin,Toby McMullin,Melbourne Demons,MID,matched,Toby McMullin,GWS,GEN_FWD,True,
41,toby-murray,Toby Murray,Adelaide Crows,"G-FWD,K-FWD,RUCK",matched,Toby Murray,Adelaide,K-FWD,True,
223,toby-nankervis,Toby Nankervis,West Coast Eagles,RUCK,matched,Toby Nankervis,Sydney,RUCK,True,
286,toby-pink,Toby Pink,Free agents,"K-DEF,G-DEF",matched,Toby Pink,Sydney,K-DEF,True,
622,toby-whan,Toby Whan,Richmond Tigers,MID,matched,Toby Whan,Fremantle,GEN_FWD,False,no_current_or_historical_scoring_games+not_recent_unplayed_draftee
186,tobyn-murray,Tobyn Murray,West Coast Eagles,G-FWD,matched,Tobyn Murray,Fremantle,GEN_FWD,True,
29,todd-marshall,Todd Marshall,Adelaide Crows,"K-FWD,K-DEF",matched,Todd Marshall,Port Adelaide,K-FWD,True,
231,thomas-anastasopoulos,Tom Anastasopoulos,Free agents,G-FWD,matched,Tom Anastasopoulos,Port Adelaide,GEN_FWD,True,
563,tom-atkins,Tom Atkins,Port Adelaide Power,MID,matched,Tom Atkins,Geelong,MID,True,
54,tom-barrass,Tom Barrass,Brisbane Lions,"G-DEF,K-DEF",matched,Tom Barrass,West Coast,K-DEF,True,
599,tom-blamires,Tom Blamires,Richmond Tigers,"G-DEF,MID",matched,Tom Blamires,North Melbourne,GEN_DEF,True,
125,tom-brown,Tom Brown,Carlton Blues,G-DEF,matched,Tom Brown,Richmond,GEN_DEF,True,
189,tom-cochrane,Tom Cochrane,Essendon Bombers,G-FWD,matched,Tom Cochrane,Port Adelaide,GEN_FWD,True,
558,tom-cole,Tom Cole,Port Adelaide Power,G-DEF,matched,Tom Cole,West Coast,GEN_DEF,True,
207,tom-de-koning,Tom De Koning,Essendon Bombers,RUCK,matched,Tom De Koning,Carlton,RUCK,True,
249,tom-doedee,Tom Doedee,Free agents,G-DEF,matched,Tom Doedee,Adelaide,GEN_DEF,True,
251,tom-edwards,Tom Edwards,Free agents,"K-FWD,G-FWD",matched,Tom Edwards,Essendon,K-FWD,True,
201,tom-green,Tom Green,Essendon Bombers,MID,matched,Tom Green,GWS,MID,True,
482,tom-gross,Tom Gross,Melbourne Demons,"MID,G-FWD",matched,Tom Gross,West Coast,MID,True,
605,tom-hanily,Tom Hanily,Richmond Tigers,G-FWD,matched,Tom Hanily,Sydney,GEN_FWD,True,
31,tom-lynch-1,Tom Lynch,Adelaide Crows,"G-FWD,K-FWD",matched,Tom Lynch,Gold Coast,K-FWD,True,
441,tom-mccarthy,Tom McCarthy,Melbourne Demons,G-DEF,matched,Tom McCarthy,West Coast,GEN_DEF,True,
698,tom-mccartin,Tom McCartin,Sydney Swans,"G-DEF,K-DEF",matched,Tom McCartin,Sydney,K-DEF,True,
358,tom-mcdonald,Tom McDonald,Geelong Cats,"G-DEF,K-DEF",matched,Tom McDonald,Melbourne,K-DEF,True,
355,tom-papley,Tom Papley,Geelong Cats,G-FWD,matched,Tom Papley,Sydney,GEN_FWD,True,
108,tom-powell,Tom Powell,Carlton Blues,"MID,G-FWD",matched,Tom Powell,North Melbourne,GEN_FWD,True,
684,tom-sparrow,Tom Sparrow,Sydney Swans,"G-FWD,MID",matched,Tom Sparrow,Melbourne,MID,True,
372,touk-miller,Touk Miller,Geelong Cats,"MID,G-FWD",matched,Touk Miller,Gold Coast,MID,True,
767,trent-rivers,Trent Rivers,Western Bulldogs,G-DEF,matched,Trent Rivers,Melbourne,GEN_DEF,True,
672,tristan-xerri,Tristan Xerri,Sydney Swans,RUCK,matched,Tristan Xerri,North Melbourne,RUCK,True,
4,ty-gallop,Ty Gallop,Adelaide Crows,"G-FWD,K-FWD,K-DEF,G-DEF",matched,Ty Gallop,Brisbane,K-FWD,True,
305,tyan-prindable,Tyan Prindable,Fremantle Dockers,MID,matched,Tyan Prindable,Collingwood,MID,True,
81,tylah-williams,Tylah Williams,Melbourne Demons,"MID,G-FWD",matched,Tylah Williams,West Coast,GEN_FWD,True,
617,tylar-young,Tylar Young,Richmond Tigers,"G-DEF,K-DEF",matched,Tylar Young,Richmond,K-DEF,True,
457,tyler-brockman,Tyler Brockman,Free Agents,G-FWD,matched,Tyler Brockman,Hawthorn,GEN_FWD,True,
214,tyler-sonsie,Tyler Sonsie,Essendon Bombers,"MID,G-FWD",matched,Tyler Sonsie,Richmond,MID,True,
481,tyler-welsh,Tyler Welsh,Melbourne Demons,"G-FWD,K-FWD",matched,Tyler Welsh,Adelaide,K-FWD,True,
483,tyrell-dewar,Tyrell Dewar,Melbourne Demons,"G-DEF,MID",matched,Tyrell Dewar,West Coast,GEN_DEF,True,
641,tyson-stengle,Tyson Stengle,St Kilda Saints,G-FWD,matched,Tyson Stengle,Richmond,GEN_FWD,True,
114,vigo-visentini,Vigo Visentini,Carlton Blues,RUCK,matched,Vigo Visentini,Essendon,RUCK,True,
780,wade-derksen,Wade Derksen,Western Bulldogs,"G-DEF,K-DEF",matched,Wade Derksen,GWS,K-DEF,True,
714,wayne-milera,Wayne Milera,Sydney Swans,G-DEF,matched,Wayne Milera,Adelaide,GEN_DEF,True,
168,wil-dawson,Wil Dawson,Collingwood Magpies,"G-DEF,K-DEF",matched,Wil Dawson,North Melbourne,K-DEF,True,
765,wil-parker,Wil Parker,Western Bulldogs,G-DEF,matched,Wil Parker,,GEN_DEF,True,
24,wil-powell,Wil Powell,Adelaide Crows,"G-DEF,MID",matched,Wil Powell,Gold Coast,GEN_DEF,True,
135,will-ashcroft,Will Ashcroft,Carlton Blues,MID,matched,Will Ashcroft,Brisbane,MID,True,
76,will-brodie,Will Brodie,Brisbane Lions,MID,matched,Will Brodie,Gold Coast,MID,True,
315,will-darcy,Will Darcy,Fremantle Dockers,"G-DEF,G-FWD,K-FWD,K-DEF",matched,Will Darcy,Western Bulldogs,K-DEF,True,
612,will-day,Will Day,Richmond Tigers,MID,matched,Will Day,Hawthorn,MID,True,
211,will-edwards,Will Edwards,Essendon Bombers,"G-DEF,K-DEF",matched,Will Edwards,Sydney,K-DEF,True,
395,will-graham,Will Graham,Hawthorn Hawks,"G-FWD,MID",matched,Will Graham,Gold Coast,GEN_FWD,True,
206,will-green,Will Green,Essendon Bombers,RUCK,matched,Will Green,Sydney,RUCK,False,no_current_or_historical_scoring_games+no_recent_activity_signal+not_recent_unplayed_draftee
163,will-hayes-b,Will Hayes,Collingwood Magpies,G-FWD,matched,Will Hayes,Collingwood,GEN_FWD,True,
35,will-hayward,Will Hayward,Adelaide Crows,G-FWD,matched,Will Hayward,Sydney,GEN_FWD,True,
678,will-lewis,Will Lewis,Sydney Swans,"G-FWD,K-FWD",matched,Will Lewis,Western Bulldogs,K-FWD,True,
588,will-lorenz,Will Lorenz,Richmond Tigers,MID,matched,Will Lorenz,Port Adelaide,MID,True,
278,will-mclachlan,Will McLachlan,Free agents,G-FWD,matched,Will McLachlan,Brisbane,GEN_FWD,True,
84,will-setterfield,Will Setterfield,Brisbane Lions,MID,matched,Will Setterfield,GWS,MID,True,
40,willem-drew,Willem Drew,Adelaide Crows,MID,matched,Willem Drew,Port Adelaide,MID,True,
338,willem-duursma,Willem Duursma,Fremantle Dockers,MID,matched,Willem Duursma,West Coast,MID,True,
430,william-mccabe,William McCabe,Hawthorn Hawks,"G-DEF,K-DEF",matched,William McCabe,Hawthorn,K-FWD,True,
583,xavier-bamert,Xavier Bamert,Richmond Tigers,MID,matched,Xavier Bamert,Port Adelaide,GEN_FWD,True,
519,xavier-duursma,Xavier Duursma,North Melbourne Kangaroos,MID,matched,Xavier Duursma,Port Adelaide,MID,True,
778,xavier-lindsay,Xavier Lindsay,Western Bulldogs,"MID,G-DEF",matched,Xavier Lindsay,Melbourne,GEN_DEF,True,
679,xavier-o-halloran,Xavier O'Halloran,Sydney Swans,"MID,G-FWD",matched,Xavier O'Halloran,GWS,GEN_FWD,True,
581,xavier-taylor,Xavier Taylor,Richmond Tigers,G-DEF,matched,Xavier Taylor,Melbourne,GEN_DEF,True,
300,xavier-walsh,Xavier Walsh,Free agents,"K-FWD,G-FWD",matched,Xavier Walsh,Port Adelaide,K-DEF,False,no_current_or_historical_scoring_games+no_recent_activity_signal+not_recent_unplayed_draftee
507,zac-bailey,Zac Bailey,North Melbourne Kangaroos,"MID,G-FWD",matched,Zac Bailey,Brisbane,GEN_FWD,True,
234,zac-banch,Zac Banch,Free agents,G-FWD,matched,Zac Banch,North Melbourne,GEN_FWD,True,
569,zac-fisher,Zac Fisher,Port Adelaide Power,G-FWD,matched,Zac Fisher,Carlton,GEN_FWD,True,
747,zac-mccarthy,Zac McCarthy,West Coast Eagles,"RUCK,G-FWD,K-FWD",matched,Zac McCarthy,Collingwood,K-FWD,True,
777,zac-taylor,Zac Taylor,Western Bulldogs,G-FWD,matched,Zac Taylor,Adelaide,GEN_FWD,True,
299,zac-walker,Zac Walker,Free agents,"K-DEF,G-DEF",matched,Zac Walker,Western Bulldogs,GEN_DEF,False,no_current_or_historical_scoring_games+not_recent_unplayed_draftee
377,zach-guthrie,Zach Guthrie,Geelong Cats,G-DEF,matched,Zach Guthrie,Geelong,GEN_DEF,True,
407,zach-reid,Zach Reid,Hawthorn Hawks,"G-DEF,K-DEF",matched,Zach Reid,Essendon,K-DEF,True,
753,zachary-merrett,Zachary Merrett,West Coast Eagles,MID,matched,Zachary Merrett,Essendon,MID,True,
662,zachary-williams,Zachary Williams,St Kilda Saints,"G-FWD,G-DEF",matched,Zachary Williams,GWS,GEN_DEF,True,
366,zak-butters,Zak Butters,Geelong Cats,MID,matched,Zak Butters,Port Adelaide,MID,True,
252,zak-evans,Zak Evans,Free agents,MID,matched,Zak Evans,Gold Coast,MID,False,no_current_or_historical_scoring_games+not_recent_unplayed_draftee
618,zak-johnson,Zak Johnson,Richmond Tigers,G-DEF,matched,Zak Johnson,Essendon,GEN_DEF,True,
590,zane-duursma,Zane Duursma,Richmond Tigers,"G-DEF,G-FWD",matched,Zane Duursma,North Melbourne,GEN_FWD,True,
94,zane-peucker,Zane Peucker,Carlton Blues,"MID,G-FWD",matched,Zane Peucker,Richmond,GEN_FWD,True,
337,zane-zakostelsky,Zane Zakostelsky,Fremantle Dockers,"G-DEF,RUCK,K-DEF",matched,Zane Zakostelsky,Brisbane,K-DEF,True,
344,zeke-uwland,Zeke Uwland,Fremantle Dockers,"G-DEF,MID",matched,Zeke Uwland,Gold Coast,GEN_DEF,True,
