source_row,stable_player_id,legacy_key,player_name,affl_team,eligibilities,match_status,legacy_name,legacy_afl_club,legacy_eligibilities,identity_evidence_json,missing_identity_evidence,previous_vnext_included,previous_vnext_exclusion_reason
736,afl-player-v1-43dcbfbd3dd8420f2e63,andy-moniz-wakefield,Andy Moniz-Wakefield,West Coast Eagles,G-DEF,matched,Andy Moniz-Wakefield,Melbourne,G-DEF,"{""birth_date"":""2003-10-26"",""birth_year"":2003,""draft_pick"":"""",""draft_type"":""PDN"",""draft_year"":2021,""legacy_key"":""andy-moniz-wakefield""}",draft_pick,True,
152,afl-player-v1-0c5db9d8bac56d9b7fa4,anthony-caminiti,Anthony Caminiti,Collingwood Magpies,"G-DEF,K-DEF,K-FWD,G-FWD",matched,Anthony Caminiti,St Kilda,K-FWD,"{""birth_date"":""2003-12-09"",""birth_year"":2003,""draft_pick"":"""",""draft_type"":""SSP"",""draft_year"":2022,""legacy_key"":""anthony-caminiti""}",draft_pick,True,
284,afl-player-v1-1717ec616a9d2f0c642e,balyn-o-brien,Balyn O'Brien,Free agents,G-DEF,matched,Balyn O'Brien,Port Adelaide,G-DEF,"{""birth_date"":""2007-01-26"",""birth_year"":2007,""draft_pick"":"""",""draft_type"":""SSP"",""draft_year"":2025,""legacy_key"":""balyn-o-brien""}",draft_pick,False,no_current_or_historical_scoring_games+not_recent_unplayed_draftee
264,afl-player-v1-1bc1a35b5acb7c659494,ben-jepson,Ben Jepson,Free agents,MID,matched,Ben Jepson,Gold Coast,MID,"{""birth_date"":""2001-10-10"",""birth_year"":2001,""draft_pick"":"""",""draft_type"":""SSP"",""draft_year"":2024,""legacy_key"":""ben-jepson""}",draft_pick,True,
504,afl-player-v1-fc90df145520acd22b04,ben-murphy,Ben Murphy,North Melbourne Kangaroos,G-DEF,matched,Ben Murphy,,G-DEF,"{""birth_date"":""2027-02-01"",""birth_year"":2027,""draft_pick"":"""",""draft_type"":""IRE"",""draft_year"":2025,""legacy_key"":""ben-murphy""}",draft_pick,False,no_current_or_historical_scoring_games+not_recent_unplayed_draftee
236,afl-player-v1-26c7d23e3f5fff92763f,benny-barrett,Benny Barrett,Free agents,G-FWD,matched,Benny Barrett,Port Adelaide,G-FWD,"{""birth_date"":""2006-05-01"",""birth_year"":2006,""draft_pick"":"""",""draft_type"":""PDN"",""draft_year"":2024,""legacy_key"":""benny-barrett""}",draft_pick,False,no_current_or_historical_scoring_games+not_recent_unplayed_draftee
548,afl-player-v1-53cf9ea07c8d23470b27,bodhi-uwland,Bodhi Uwland,Port Adelaide Power,G-DEF,matched,Bodhi Uwland,Gold Coast,G-DEF,"{""birth_date"":""2003-07-25"",""birth_year"":2003,""draft_pick"":"""",""draft_type"":""PDA"",""draft_year"":2021,""legacy_key"":""bodhi-uwland""}",draft_pick,True,
490,afl-player-v1-eea2bfc12fe6f4414f7c,bruce-reville,Bruce Reville,North Melbourne Kangaroos,MID,matched,Bruce Reville,Brisbane,MID,"{""birth_date"":""2001-02-22"",""birth_year"":2001,""draft_pick"":"""",""draft_type"":""PDA"",""draft_year"":2023,""legacy_key"":""bruce-reville""}",draft_pick,True,
50,afl-player-v1-5c33c0ae50436bf7207b,buku-khamis,Buku Khamis,Brisbane Lions,"G-DEF,G-FWD,K-FWD,K-DEF",matched,Buku Khamis,Western Bulldogs,K-DEF,"{""birth_date"":""2000-03-24"",""birth_year"":2000,""draft_pick"":"""",""draft_type"":""PDN"",""draft_year"":2018,""legacy_key"":""buku-khamis""}",draft_pick,True,
629,afl-player-v1-2aa15c17a8f9bb98c666,callum-brown-ire,Callum M. Brown,St Kilda Saints,G-FWD,matched,Callum M. Brown,GWS,G-FWD,"{""birth_date"":""2000-08-15"",""birth_year"":2000,""draft_pick"":"""",""draft_type"":""IRE"",""draft_year"":2018,""legacy_key"":""callum-brown-ire""}",draft_pick,True,
800,afl-player-v1-0d58e3e7af08a0573883,changkuoth-jiath,Changkuoth Jiath,Western Bulldogs,G-DEF,matched,Changkuoth Jiath,Hawthorn,G-DEF,"{""birth_date"":""1999-06-13"",""birth_year"":1999,""draft_pick"":"""",""draft_type"":""PDN"",""draft_year"":2017,""legacy_key"":""changkuoth-jiath""}",draft_pick,True,
604,afl-player-v1-ce97654bb88ebc40ffe5,chris-scerri,Chris Scerri,Richmond Tigers,"G-FWD,MID",matched,Chris Scerri,Fremantle,G-FWD,"{""birth_date"":""2006-07-06"",""birth_year"":2006,""draft_pick"":"""",""draft_type"":""SSP"",""draft_year"":2025,""legacy_key"":""chris-scerri""}",draft_pick,True,
241,afl-player-v1-60a82e89999eaca19d3f,cillian-bourke,Cillian Bourke,Free agents,G-DEF,matched,Cillian Bourke,,G-DEF,"{""birth_date"":""2006-06-07"",""birth_year"":2006,""draft_pick"":"""",""draft_type"":""IRE"",""draft_year"":2025,""legacy_key"":""cillian-bourke""}",draft_pick,False,no_current_or_historical_scoring_games+not_recent_unplayed_draftee
562,afl-player-v1-a8a7e455c41a52501435,cillian-burke,Cillian Burke,Port Adelaide Power,G-DEF,matched,Cillian Burke,Geelong,G-DEF,"{""birth_date"":""2003-03-29"",""birth_year"":2003,""draft_pick"":"""",""draft_type"":""IRE"",""draft_year"":2024,""legacy_key"":""cillian-burke""}",draft_pick,False,no_current_or_historical_scoring_games+not_recent_unplayed_draftee
624,afl-player-v1-e54d1b525f74546c124a,conor-mckenna,Conor McKenna,St Kilda Saints,G-FWD,matched,Conor McKenna,Essendon,G-FWD,"{""birth_date"":""1996-03-28"",""birth_year"":1996,""draft_pick"":"""",""draft_type"":""IRE"",""draft_year"":2014,""legacy_key"":""conor-mckenna""}",draft_pick,True,
696,afl-player-v1-f6a31f144b76f71804c8,conor-nash,Conor Nash,Sydney Swans,MID,matched,Conor Nash,Hawthorn,MID,"{""birth_date"":""1998-07-28"",""birth_year"":1998,""draft_pick"":"""",""draft_type"":""IRE"",""draft_year"":2016,""legacy_key"":""conor-nash""}",draft_pick,True,
268,afl-player-v1-7555fe54ff67c19818b0,darragh-joyce,Darragh Joyce,Free agents,"K-DEF,G-DEF",matched,Darragh Joyce,St Kilda,K-DEF,"{""birth_date"":""1997-04-23"",""birth_year"":1997,""draft_pick"":"""",""draft_type"":""IRE"",""draft_year"":2016,""legacy_key"":""darragh-joyce""}",draft_pick,True,
411,afl-player-v1-ea8470a13f4aadb5fc4d,eamonn-armstrong,Eamonn Armstrong,Hawthorn Hawks,G-DEF,matched,Eamonn Armstrong,St Kilda,G-DEF,"{""birth_date"":""2006-07-26"",""birth_year"":2006,""draft_pick"":"""",""draft_type"":""IRE"",""draft_year"":2024,""legacy_key"":""eamonn-armstrong""}",draft_pick,False,no_current_or_historical_scoring_games+not_recent_unplayed_draftee
212,afl-player-v1-4a32b31ca8fd0f3e2ff3,flynn-perez,Flynn Perez,Brisbane Lions,"MID,G-DEF",matched,Flynn Perez,North Melbourne,G-DEF,"{""birth_date"":"""",""birth_year"":2001,""draft_pick"":35,""draft_type"":""SSP"",""draft_year"":2025,""legacy_key"":""flynn-perez""}",birth_date,True,
248,afl-player-v1-bf5bd9012e153d04a9fe,harry-cunningham,Harry Cunningham,Free agents,G-DEF,matched,Harry Cunningham,Sydney,G-DEF,"{""birth_date"":""1993-12-06"",""birth_year"":1993,""draft_pick"":"""",""draft_type"":""PDA"",""draft_year"":2011,""legacy_key"":""harry-cunningham""}",draft_pick,True,
611,afl-player-v1-2245a2e1f23e42eee60f,hayden-mclean,Hayden Mclean,Richmond Tigers,"G-FWD,K-FWD",matched,Hayden McLean,Sydney,K-FWD,"{""birth_date"":""1999-01-20"",""birth_year"":1999,""draft_pick"":"""",""draft_type"":""SSP"",""draft_year"":2018,""legacy_key"":""hayden-mclean""}",draft_pick,True,
120,afl-player-v1-3e25b9575d8de3b0cac2,hudson-o-keeffe,Hudson O'Keeffe,Carlton Blues,"K-FWD,RUCK",matched,Hudson O'Keeffe,Carlton,K-FWD,"{""birth_date"":""2004-12-16"",""birth_year"":2004,""draft_pick"":"""",""draft_type"":""SSP"",""draft_year"":2022,""legacy_key"":""hudson-o-keeffe""}",draft_pick,True,
403,afl-player-v1-256b99e7e6b4972abca7,indy-cotton,Indy Cotton,Hawthorn Hawks,G-FWD,matched,Indy Cotton,,G-DEF,"{""birth_date"":""2007-05-08"",""birth_year"":2007,""draft_pick"":"""",""draft_type"":""UNR"",""draft_year"":2025,""legacy_key"":""indy-cotton""}",draft_pick,False,no_current_or_historical_scoring_games+not_recent_unplayed_draftee
122,afl-player-v1-6cf314248b4dd9b0f32c,isaiah-dudley,Isaiah Dudley,Carlton Blues,G-FWD,matched,Isaiah Dudley,Fremantle,G-FWD,"{""birth_date"":""2003-04-30"",""birth_year"":2003,""draft_pick"":"""",""draft_type"":""SSP"",""draft_year"":2024,""legacy_key"":""isaiah-dudley""}",draft_pick,True,
727,afl-player-v1-1dd83227423bc5021c1e,jack-buckley,Jack Buckley,West Coast Eagles,"G-DEF,K-DEF",matched,Jack Buckley,GWS,K-DEF,"{""birth_date"":""1997-12-17"",""birth_year"":1997,""draft_pick"":"""",""draft_type"":""PDN"",""draft_year"":2017,""legacy_key"":""jack-buckley""}",draft_pick,True,
260,afl-player-v1-53546ca55b1b441d4c86,jack-henderson,Jack Henderson,Free agents,G-FWD,matched,Jack Henderson,Melbourne,G-FWD,"{""birth_date"":""1999-10-01"",""birth_year"":1999,""draft_pick"":"""",""draft_type"":""SSP"",""draft_year"":2024,""legacy_key"":""jack-henderson""}",draft_pick,True,
323,afl-player-v1-d78ebe273b15b799f55d,jacob-moss,Jacob Moss,Fremantle Dockers,"G-DEF,K-DEF",matched,Jacob Moss,Port Adelaide,K-FWD,"{""birth_date"":""2004-12-22"",""birth_year"":2004,""draft_pick"":"""",""draft_type"":""UNR"",""draft_year"":2024,""legacy_key"":""jacob-moss""}",draft_pick,False,no_current_or_historical_scoring_games+not_recent_unplayed_draftee
722,afl-player-v1-1d5af6c01ebcddc2cd54,jai-saxena,Jai Saxena,West Coast Eagles,G-FWD,matched,Jai Saxena,Collingwood,G-FWD,"{""birth_date"":""2007-07-27"",""birth_year"":2007,""draft_pick"":"""",""draft_type"":""PDN"",""draft_year"":2025,""legacy_key"":""jai-saxena""}",draft_pick,False,no_current_or_historical_scoring_games+not_recent_unplayed_draftee
296,afl-player-v1-c471c26d8c18e0ea92a0,jaime-uhr-henry,Jaime Uhr-Henry,Free agents,RUCK,matched,Jaime Uhr-Henry,Hawthorn,RUCK,"{""birth_date"":""2003-03-12"",""birth_year"":2003,""draft_pick"":"""",""draft_type"":""UNR"",""draft_year"":2024,""legacy_key"":""jaime-uhr-henry""}",draft_pick,False,no_current_or_historical_scoring_games+not_recent_unplayed_draftee
326,afl-player-v1-e961f98e3ca95449c021,james-borlase,James Borlase,Fremantle Dockers,"G-DEF,K-DEF",matched,James Borlase,Adelaide,K-DEF,"{""birth_date"":""2002-07-18"",""birth_year"":2002,""draft_pick"":"""",""draft_type"":""PDN"",""draft_year"":2020,""legacy_key"":""james-borlase""}",draft_pick,True,
596,afl-player-v1-cedb99d3423baacfe787,james-o-donnell,James O'Donnell,Richmond Tigers,"G-DEF,K-DEF",matched,James O'Donnell,Western Bulldogs,K-DEF,"{""birth_date"":""2002-08-31"",""birth_year"":2002,""draft_pick"":"""",""draft_type"":""UNR"",""draft_year"":2022,""legacy_key"":""james-o-donnell""}",draft_pick,True,
283,afl-player-v1-1c1037a91ecab97d410e,jayden-nguyen,Jayden Nguyen,Free agents,G-DEF,matched,Jayden Nguyen,Essendon,G-DEF,"{""birth_date"":""2006-07-27"",""birth_year"":2006,""draft_pick"":"""",""draft_type"":""PDN"",""draft_year"":2024,""legacy_key"":""jayden-nguyen""}",draft_pick,True,
392,afl-player-v1-5da25d5d202bbfbd2a53,jesse-mellor,Jesse Mellor,Geelong Cats,G-FWD,matched,Jesse Mellor,Geelong,MID,"{""birth_date"":""2007-01-04"",""birth_year"":2007,""draft_pick"":"""",""draft_type"":""PDN"",""draft_year"":2025,""legacy_key"":""jesse-mellor""}",draft_pick,False,no_current_or_historical_scoring_games+not_recent_unplayed_draftee
637,afl-player-v1-ce576813a5ba90f27db6,josaia-delana,Josaia Delana,St Kilda Saints,G-FWD,matched,Josaia Delana,GWS,G-FWD,"{""birth_date"":""2006-07-01"",""birth_year"":2006,""draft_pick"":"""",""draft_type"":""PDA"",""draft_year"":2024,""legacy_key"":""josaia-delana""}",draft_pick,True,
197,afl-player-v1-f24afe9ae1de1cfd811f,josh-draper,Josh Draper,Essendon Bombers,"G-DEF,K-DEF",matched,Josh Draper,Fremantle,K-DEF,"{""birth_date"":""2004-02-08"",""birth_year"":2004,""draft_pick"":"""",""draft_type"":""PDN"",""draft_year"":2022,""legacy_key"":""josh-draper""}",draft_pick,True,
347,afl-player-v1-48fb2da2b909a8256894,josh-lai,Josh Lai,Fremantle Dockers,"MID,G-DEF",matched,Josh Lai,Port Adelaide,G-DEF,"{""birth_date"":""2005-10-01"",""birth_year"":2005,""draft_pick"":"""",""draft_type"":""SSP"",""draft_year"":2024,""legacy_key"":""josh-lai""}",draft_pick,True,
746,afl-player-v1-3fa9040b66b98c844502,kalani-white,Kalani White,West Coast Eagles,"RUCK,G-FWD,K-FWD",matched,Kalani White,Melbourne,K-FWD,"{""birth_date"":""2007-05-05"",""birth_year"":2007,""draft_pick"":"""",""draft_type"":""PDN"",""draft_year"":2025,""legacy_key"":""kalani-white""}",draft_pick,False,no_current_or_historical_scoring_games+not_recent_unplayed_draftee
436,afl-player-v1-c4d9086a24b07776bf5c,kobe-mcdonald,Kobe McDonald,Hawthorn Hawks,G-DEF,matched,Kobe McDonald,,G-DEF,"{""birth_date"":""2007-12-08"",""birth_year"":2007,""draft_pick"":"""",""draft_type"":""IRE"",""draft_year"":2025,""legacy_key"":""kobe-mcdonald""}",draft_pick,False,no_current_or_historical_scoring_games+not_recent_unplayed_draftee
293,afl-player-v1-0b95f7bd2062dce45d7e,lachie-sullivan,Lachie Sullivan,Free agents,G-FWD,matched,Lachie Sullivan,Collingwood,G-FWD,"{""birth_date"":""1997-09-25"",""birth_year"":1997,""draft_pick"":"""",""draft_type"":""SSP"",""draft_year"":2023,""legacy_key"":""lachie-sullivan""}",draft_pick,True,
158,afl-player-v1-b98529f9eca3cbf471fd,lachlan-bramble,Lachlan Bramble,Collingwood Magpies,"G-DEF,G-FWD",matched,Lachlan Bramble,Western Bulldogs,G-FWD,"{""birth_date"":"""",""birth_year"":1998,""draft_pick"":"""",""draft_type"":""SSP"",""draft_year"":2020,""legacy_key"":""lachlan-bramble""}","birth_date,draft_pick",True,
715,afl-player-v1-720fb343b3fe75fb92c5,lachlan-gulbin,Lachlan Gulbin,Sydney Swans,G-FWD,matched,Lachlan Gulbin,Gold Coast,G-FWD,"{""birth_date"":""2006-11-24"",""birth_year"":2006,""draft_pick"":"""",""draft_type"":""PDA"",""draft_year"":2024,""legacy_key"":""lachlan-gulbin""}",draft_pick,True,
55,afl-player-v1-df9f00b1d0c9ef2defb9,lachlan-mcandrew,Lachlan McAndrew,Brisbane Lions,RUCK,matched,Lachlan McAndrew,Sydney,RUCK,"{""birth_date"":"""",""birth_year"":1999,""draft_pick"":12,""draft_type"":""SSP"",""draft_year"":2024,""legacy_key"":""lachlan-mcandrew""}",birth_date,True,
627,afl-player-v1-31584a51caeba8f403f7,liam-hetherton,Liam Hetherton,St Kilda Saints,"G-FWD,K-FWD",matched,Liam Hetherton,Sydney,K-FWD,"{""birth_date"":""2007-05-02"",""birth_year"":2007,""draft_pick"":"""",""draft_type"":""PDA"",""draft_year"":2025,""legacy_key"":""liam-hetherton""}",draft_pick,False,no_current_or_historical_scoring_games+not_recent_unplayed_draftee
743,afl-player-v1-8699d0ef02651920ee05,liam-o-connell,Liam O'Connell,West Coast Eagles,G-DEF,matched,Liam O'Connell,St Kilda,G-DEF,"{""birth_date"":""2003-03-04"",""birth_year"":2003,""draft_pick"":"""",""draft_type"":""IRE"",""draft_year"":2023,""legacy_key"":""liam-o-connell""}",draft_pick,True,
480,afl-player-v1-c60baecc88fb4fe722b5,malakai-champion,Malakai Champion,Melbourne Demons,G-FWD,matched,Malakai Champion,West Coast,G-FWD,"{""birth_date"":""2006-05-17"",""birth_year"":2006,""draft_pick"":"""",""draft_type"":""PDN"",""draft_year"":2024,""legacy_key"":""malakai-champion""}",draft_pick,True,
369,afl-player-v1-96e4afac65663a792290,mark-blicavs,Mark Blicavs,Geelong Cats,"RUCK,MID",matched,Mark Blicavs,Geelong,MID,"{""birth_date"":""1991-03-28"",""birth_year"":1991,""draft_pick"":"""",""draft_type"":""UNR"",""draft_year"":2011,""legacy_key"":""mark-blicavs""}",draft_pick,True,
43,afl-player-v1-0161f6e4e64f66732e03,mark-keane,Mark Keane,Adelaide Crows,"G-DEF,K-DEF",matched,Mark Keane,Collingwood,K-DEF,"{""birth_date"":"""",""birth_year"":2000,""draft_pick"":"""",""draft_type"":""SSP"",""draft_year"":2022,""legacy_key"":""mark-keane""}","birth_date,draft_pick",True,
77,afl-player-v1-b9731120bd8796d03337,mark-o-connor,Mark O'Connor,Brisbane Lions,"G-DEF,MID",matched,Mark O'Connor,Geelong,G-DEF,"{""birth_date"":""1997-01-17"",""birth_year"":1997,""draft_pick"":"""",""draft_type"":""IRE"",""draft_year"":2016,""legacy_key"":""mark-o-connor""}",draft_pick,True,
379,afl-player-v1-5ded124c3073357f49b3,mason-cox,Mason Cox,Geelong Cats,"RUCK,G-FWD,K-FWD",matched,Mason Cox,Collingwood,K-FWD,"{""birth_date"":""1991-03-14"",""birth_year"":1991,""draft_pick"":"""",""draft_type"":""UNR"",""draft_year"":2014,""legacy_key"":""mason-cox""}",draft_pick,True,
34,afl-player-v1-9753c5a65f8ab7ff3101,matt-cottrell,Matt Cottrell,Adelaide Crows,"MID,G-FWD",matched,Matt Cottrell,Carlton,MID,"{""birth_date"":""2000-02-29"",""birth_year"":2000,""draft_pick"":"""",""draft_type"":""SSP"",""draft_year"":2018,""legacy_key"":""matt-cottrell""}",draft_pick,True,
515,afl-player-v1-9186b21cf6ec11f9140a,matt-duffy,Matt Duffy,North Melbourne Kangaroos,"G-DEF,K-DEF",matched,Matt Duffy,Carlton,G-DEF,"{""birth_date"":""2004-01-02"",""birth_year"":2004,""draft_pick"":"""",""draft_type"":""IRE"",""draft_year"":2024,""legacy_key"":""matt-duffy""}",draft_pick,False,no_current_or_historical_scoring_games+not_recent_unplayed_draftee
261,afl-player-v1-5990557d50150e6d1dc8,matt-hill,Matt Hill,Free agents,G-DEF,matched,Matt Hill,Hawthorn,G-FWD,"{""birth_date"":""2004-01-01"",""birth_year"":2004,""draft_pick"":"""",""draft_type"":""UNR"",""draft_year"":2024,""legacy_key"":""matt-hill""}",draft_pick,False,no_current_or_historical_scoring_games+not_recent_unplayed_draftee
285,afl-player-v1-ebdf837d2a23b1282f44,matt-owies,Matt Owies,Free agents,G-FWD,matched,Matt Owies,Carlton,G-FWD,"{""birth_date"":""1997-03-19"",""birth_year"":1997,""draft_pick"":"""",""draft_type"":""UNR"",""draft_year"":2018,""legacy_key"":""matt-owies""}",draft_pick,True,
582,afl-player-v1-716f1eabdf51d799d667,milan-murdock,Milan Murdock,Richmond Tigers,"MID,G-FWD",matched,Milan Murdock,West Coast,G-FWD,"{""birth_date"":""2000-06-30"",""birth_year"":2000,""draft_pick"":"""",""draft_type"":""SSP"",""draft_year"":2025,""legacy_key"":""milan-murdock""}",draft_pick,True,
534,afl-player-v1-f07600e2849bc4a2ed87,mitch-zadow,Mitch Zadow,Port Adelaide Power,G-FWD,matched,Mitch Zadow,Port Adelaide,G-FWD,"{""birth_date"":""2004-03-11"",""birth_year"":2004,""draft_pick"":"""",""draft_type"":""SSP"",""draft_year"":2025,""legacy_key"":""mitch-zadow""}",draft_pick,True,
105,afl-player-v1-7ba5a1ae80798c88d4a4,mykelti-lefau,Mykelti Lefau,Carlton Blues,"G-FWD,K-FWD",matched,Mykelti Lefau,Richmond,K-FWD,"{""birth_date"":""1998-06-22"",""birth_year"":1998,""draft_pick"":"""",""draft_type"":""SSP"",""draft_year"":2023,""legacy_key"":""mykelti-lefau""}",draft_pick,True,
793,afl-player-v1-ec3f691537531ffedcf2,nathan-wardius,Nathan Wardius,Western Bulldogs,G-FWD,matched,Nathan Wardius,GWS,G-FWD,"{""birth_date"":""2004-10-12"",""birth_year"":2004,""draft_pick"":"""",""draft_type"":""PDA"",""draft_year"":2023,""legacy_key"":""nathan-wardius""}",draft_pick,False,no_current_or_historical_scoring_games+no_recent_activity_signal+not_recent_unplayed_draftee
580,afl-player-v1-7e55cca73bb1024b34e5,ned-reeves,Ned Reeves,Richmond Tigers,RUCK,matched,Ned Reeves,Hawthorn,RUCK,"{""birth_date"":""1998-10-31"",""birth_year"":1998,""draft_pick"":"""",""draft_type"":""SSP"",""draft_year"":2018,""legacy_key"":""ned-reeves""}",draft_pick,True,
455,afl-player-v1-289911b71c417a06fb30,nicholas-martin,Nicholas Martin,Melbourne Demons,"MID,G-FWD",matched,Nicholas Martin,Essendon,MID,"{""birth_date"":""2001-04-03"",""birth_year"":2001,""draft_pick"":"""",""draft_type"":""SSP"",""draft_year"":2021,""legacy_key"":""nicholas-martin""}",draft_pick,True,
413,afl-player-v1-1abf46c80f3799c0d483,nick-madden,Nick Madden,Hawthorn Hawks,RUCK,matched,Nick Madden,GWS,RUCK,"{""birth_date"":""2004-05-17"",""birth_year"":2004,""draft_pick"":"""",""draft_type"":""PDA"",""draft_year"":2022,""legacy_key"":""nick-madden""}",draft_pick,True,
342,afl-player-v1-f454cdc57bca55f25e29,nick-murray,Nick Murray,Fremantle Dockers,"G-DEF,K-DEF",matched,Nick Murray,Adelaide,K-DEF,"{""birth_date"":""2000-12-18"",""birth_year"":2000,""draft_pick"":"""",""draft_type"":""SSP"",""draft_year"":2020,""legacy_key"":""nick-murray""}",draft_pick,True,
666,afl-player-v1-fc6ac46f92c3b7b16ed5,noah-chamberlain,Noah Chamberlain,St Kilda Saints,"G-FWD,K-FWD",matched,Noah Chamberlain,Sydney,G-FWD,"{""birth_date"":""2007-03-21"",""birth_year"":2007,""draft_pick"":"""",""draft_type"":""PDA"",""draft_year"":2025,""legacy_key"":""noah-chamberlain""}",draft_pick,False,no_current_or_historical_scoring_games+not_recent_unplayed_draftee
387,afl-player-v1-26ff1ee55b317fca0c0f,oisin-mullin,Oisin Mullin,Geelong Cats,"G-DEF,MID",matched,Oisin Mullin,Geelong,G-DEF,"{""birth_date"":""2000-02-11"",""birth_year"":2000,""draft_pick"":"""",""draft_type"":""IRE"",""draft_year"":2021,""legacy_key"":""oisin-mullin""}",draft_pick,True,
74,afl-player-v1-9d46c38c720869af0fa4,oliver-hayes-brown,Oliver Hayes-Brown,Brisbane Lions,RUCK,matched,Oliver Hayes-Brown,Richmond,RUCK,"{""birth_date"":""2000-04-28"",""birth_year"":2000,""draft_pick"":"""",""draft_type"":""UNR"",""draft_year"":2023,""legacy_key"":""oliver-hayes-brown""}",draft_pick,True,
238,afl-player-v1-44edbd90969b5c4373c3,oscar-berry,Oscar Berry,Free agents,"K-DEF,G-DEF",matched,Oscar Berry,,K-DEF,"{""birth_date"":""2002-01-04"",""birth_year"":2002,""draft_pick"":"""",""draft_type"":""UNR"",""draft_year"":2025,""legacy_key"":""oscar-berry""}",draft_pick,False,no_current_or_historical_scoring_games+not_recent_unplayed_draftee
6,afl-player-v1-650b0c72bb3082a86c14,oscar-steene,Oscar Steene,Adelaide Crows,"RUCK,G-FWD,K-FWD",matched,Oscar Steene,Collingwood,RUCK,"{""birth_date"":""2003-08-23"",""birth_year"":2003,""draft_pick"":"""",""draft_type"":""SSP"",""draft_year"":2022,""legacy_key"":""oscar-steene""}",draft_pick,True,
619,afl-player-v1-0006090cd55e28d1a258,paddy-cross,Paddy Cross,Richmond Tigers,G-FWD,matched,Paddy Cross,Melbourne,G-FWD,"{""birth_date"":""2003-02-14"",""birth_year"":2003,""draft_pick"":"""",""draft_type"":""SSP"",""draft_year"":2025,""legacy_key"":""paddy-cross""}",draft_pick,True,
245,afl-player-v1-a8d4c0c54b6acab698c5,patrick-carr,Patrick Carr,Free agents,RUCK,matched,Patrick Carr,,RUCK,"{""birth_date"":""2005-08-10"",""birth_year"":2005,""draft_pick"":"""",""draft_type"":""UNR"",""draft_year"":2025,""legacy_key"":""patrick-carr""}",draft_pick,False,no_current_or_historical_scoring_games+not_recent_unplayed_draftee
659,afl-player-v1-1ca96839896a3417dbcd,rhyan-mansell,Rhyan Mansell,St Kilda Saints,G-FWD,matched,Rhyan Mansell,Richmond,G-FWD,"{""birth_date"":""2000-06-04"",""birth_year"":2000,""draft_pick"":"""",""draft_type"":""SSP"",""draft_year"":2020,""legacy_key"":""rhyan-mansell""}",draft_pick,True,
772,afl-player-v1-1e48a475f30de9837e3d,ricky-mentha,Ricky Mentha,Western Bulldogs,"G-DEF,G-FWD",matched,Ricky Mentha,Melbourne,G-FWD,"{""birth_date"":""2006-09-04"",""birth_year"":2006,""draft_pick"":"""",""draft_type"":""PDN"",""draft_year"":2024,""legacy_key"":""ricky-mentha""}",draft_pick,False,no_current_or_historical_scoring_games+not_recent_unplayed_draftee
258,afl-player-v1-c13e1f14b2b069c3f78f,riley-hamilton,Riley Hamilton,Free agents,"G-FWD,MID",matched,Riley Hamilton,GWS,G-FWD,"{""birth_date"":""2006-08-15"",""birth_year"":2006,""draft_pick"":"""",""draft_type"":""PDA"",""draft_year"":2025,""legacy_key"":""riley-hamilton""}",draft_pick,False,no_current_or_historical_scoring_games+not_recent_unplayed_draftee
282,afl-player-v1-3a8550ac8af5ca190c13,rob-monahan,Rob Monahan,Free agents,G-DEF,matched,Rob Monahan,Carlton,G-DEF,"{""birth_date"":""2004-06-29"",""birth_year"":2004,""draft_pick"":"""",""draft_type"":""IRE"",""draft_year"":2023,""legacy_key"":""rob-monahan""}",draft_pick,False,no_current_or_historical_scoring_games+no_recent_activity_signal+not_recent_unplayed_draftee
274,afl-player-v1-18c64bc1a192b51aba1a,ryda-luke,Ryda Luke,Free agents,G-FWD,matched,Ryda Luke,Fremantle,G-FWD,"{""birth_date"":""2007-09-19"",""birth_year"":2007,""draft_pick"":"""",""draft_type"":""PDN"",""draft_year"":2025,""legacy_key"":""ryda-luke""}",draft_pick,False,no_current_or_historical_scoring_games+not_recent_unplayed_draftee
140,afl-player-v1-fb132efc63e911fae6c0,sam-wicks,Sam Wicks,Collingwood Magpies,G-DEF,matched,Sam Wicks,Sydney,G-DEF,"{""birth_date"":""1999-09-14"",""birth_year"":1999,""draft_pick"":"""",""draft_type"":""PDA"",""draft_year"":2018,""legacy_key"":""sam-wicks""}",draft_pick,True,
676,afl-player-v1-0b6733fa38a15da624bc,sandy-brock,Sandy Brock,Sydney Swans,"G-DEF,K-DEF",matched,Sandy Brock,Gold Coast,K-DEF,"{""birth_date"":""2002-12-14"",""birth_year"":2002,""draft_pick"":"""",""draft_type"":""PDA"",""draft_year"":2021,""legacy_key"":""sandy-brock""}",draft_pick,True,
226,afl-player-v1-328187a2e40f373c2a1e,shadeau-brain,Shadeau Brain,Essendon Bombers,G-DEF,matched,Shadeau Brain,Brisbane,G-DEF,"{""birth_date"":""2004-02-13"",""birth_year"":2004,""draft_pick"":"""",""draft_type"":""PDA"",""draft_year"":2022,""legacy_key"":""shadeau-brain""}",draft_pick,True,
102,afl-player-v1-441ecf4754260c89227e,thomas-burton,Thomas Burton,Carlton Blues,MID,matched,Thomas Burton,Richmond,G-FWD,"{""birth_date"":""2007-01-09"",""birth_year"":2007,""draft_pick"":"""",""draft_type"":""SSP"",""draft_year"":2025,""legacy_key"":""thomas-burton""}",draft_pick,True,
622,afl-player-v1-91f9428225d3cfc1cd51,toby-whan,Toby Whan,Richmond Tigers,MID,matched,Toby Whan,Fremantle,G-FWD,"{""birth_date"":""2007-05-09"",""birth_year"":2007,""draft_pick"":"""",""draft_type"":""PDN"",""draft_year"":2025,""legacy_key"":""toby-whan""}",draft_pick,False,no_current_or_historical_scoring_games+not_recent_unplayed_draftee
599,afl-player-v1-4af5ff1d6c0a57d3f39a,tom-blamires,Tom Blamires,Richmond Tigers,"G-DEF,MID",matched,Tom Blamires,North Melbourne,G-DEF,"{""birth_date"":""2002-08-13"",""birth_year"":2002,""draft_pick"":"""",""draft_type"":""SSP"",""draft_year"":2025,""legacy_key"":""tom-blamires""}",draft_pick,True,
251,afl-player-v1-c04d11ebfbfcc241e844,tom-edwards,Tom Edwards,Free agents,"K-FWD,G-FWD",matched,Tom Edwards,Essendon,K-FWD,"{""birth_date"":""2000-05-20"",""birth_year"":2000,""draft_pick"":"""",""draft_type"":""SSP"",""draft_year"":2024,""legacy_key"":""tom-edwards""}",draft_pick,True,
483,afl-player-v1-c239986e76a611a9b0a9,tyrell-dewar,Tyrell Dewar,Melbourne Demons,"G-DEF,MID",matched,Tyrell Dewar,West Coast,G-DEF,"{""birth_date"":""2004-03-27"",""birth_year"":2004,""draft_pick"":"""",""draft_type"":""PDN"",""draft_year"":2022,""legacy_key"":""tyrell-dewar""}",draft_pick,True,
765,afl-player-v1-bbc4fa1d66b431694808,wil-parker,Wil Parker,Western Bulldogs,G-DEF,matched,Wil Parker,,G-DEF,"{""birth_date"":""2002-05-29"",""birth_year"":2002,""draft_pick"":"""",""draft_type"":""UNR"",""draft_year"":2023,""legacy_key"":""wil-parker""}",draft_pick,True,
211,afl-player-v1-c422d50e8bcb629acb87,will-edwards,Will Edwards,Essendon Bombers,"G-DEF,K-DEF",matched,Will Edwards,Sydney,K-DEF,"{""birth_date"":""2003-05-08"",""birth_year"":2003,""draft_pick"":"""",""draft_type"":""PDA"",""draft_year"":2022,""legacy_key"":""will-edwards""}",draft_pick,True,
678,afl-player-v1-01667c9cd5c02dca5a97,will-lewis,Will Lewis,Sydney Swans,"G-FWD,K-FWD",matched,Will Lewis,Western Bulldogs,K-FWD,"{""birth_date"":""1999-05-05"",""birth_year"":1999,""draft_pick"":"""",""draft_type"":""SSP"",""draft_year"":2025,""legacy_key"":""will-lewis""}",draft_pick,True,
662,afl-player-v1-c429049c86bb22e10b9a,zachary-williams,Zachary Williams,St Kilda Saints,"G-FWD,G-DEF",matched,Zachary Williams,GWS,G-DEF,"{""birth_date"":""1994-09-20"",""birth_year"":1994,""draft_pick"":"""",""draft_type"":""PDA"",""draft_year"":2012,""legacy_key"":""zachary-williams""}",draft_pick,True,
252,afl-player-v1-7eaa6baad537022a4c42,zak-evans,Zak Evans,Free agents,MID,matched,Zak Evans,Gold Coast,MID,"{""birth_date"":""2000-03-26"",""birth_year"":2000,""draft_pick"":"""",""draft_type"":""UNR"",""draft_year"":2024,""legacy_key"":""zak-evans""}",draft_pick,False,no_current_or_historical_scoring_games+not_recent_unplayed_draftee
