broad_position,model,quantile,tau,n,empirical_p_actual_le_predicted_quantile,signed_calibration_error,absolute_calibration_error,tie_rule
DEF,task012,points_q10,0.1,6292,0.3984424666242848,0.29844246662428475,0.29844246662428475,actual_points <= predicted_quantile
DEF,task047,points_q10,0.1,6292,0.39828353464717103,0.29828353464717106,0.29828353464717106,actual_points <= predicted_quantile
DEF,task012,points_q25,0.25,6292,0.43006993006993005,0.18006993006993005,0.18006993006993005,actual_points <= predicted_quantile
DEF,task047,points_q25,0.25,6292,0.43086458995549903,0.18086458995549903,0.18086458995549903,actual_points <= predicted_quantile
DEF,task012,points_q50,0.5,6292,0.5127145581691036,0.012714558169103607,0.012714558169103607,actual_points <= predicted_quantile
DEF,task047,points_q50,0.5,6292,0.5182771773680864,0.018277177368086428,0.018277177368086428,actual_points <= predicted_quantile
DEF,task012,points_q75,0.75,6292,0.6346153846153846,-0.11538461538461542,0.11538461538461542,actual_points <= predicted_quantile
DEF,task047,points_q75,0.75,6292,0.6486013986013986,-0.10139860139860135,0.10139860139860135,actual_points <= predicted_quantile
DEF,task012,points_q90,0.9,6292,0.7558804831532104,-0.14411951684678959,0.14411951684678959,actual_points <= predicted_quantile
DEF,task047,points_q90,0.9,6292,0.7776541640178004,-0.12234583598219961,0.12234583598219961,actual_points <= predicted_quantile
DEF,task012,points_q97,0.97,6292,0.8558486967577876,-0.11415130324221234,0.11415130324221234,actual_points <= predicted_quantile
DEF,task047,points_q97,0.97,6292,0.8760330578512396,-0.09396694214876034,0.09396694214876034,actual_points <= predicted_quantile
FWD,task012,points_q10,0.1,6377,0.3603575348910146,0.26035753489101454,0.26035753489101454,actual_points <= predicted_quantile
FWD,task047,points_q10,0.1,6377,0.360200721342324,0.26020072134232397,0.26020072134232397,actual_points <= predicted_quantile
FWD,task012,points_q25,0.25,6377,0.393288380116042,0.143288380116042,0.143288380116042,actual_points <= predicted_quantile
FWD,task047,points_q25,0.25,6377,0.39344519366473263,0.14344519366473263,0.14344519366473263,actual_points <= predicted_quantile
FWD,task012,points_q50,0.5,6377,0.4759291202759918,-0.024070879724008176,0.024070879724008176,actual_points <= predicted_quantile
FWD,task047,points_q50,0.5,6377,0.4800062725419476,-0.01999372745805239,0.01999372745805239,actual_points <= predicted_quantile
FWD,task012,points_q75,0.75,6377,0.622236161204328,-0.127763838795672,0.127763838795672,actual_points <= predicted_quantile
FWD,task047,points_q75,0.75,6377,0.6354084992943391,-0.11459150070566093,0.11459150070566093,actual_points <= predicted_quantile
FWD,task012,points_q90,0.9,6377,0.7581935079190842,-0.14180649208091578,0.14180649208091578,actual_points <= predicted_quantile
FWD,task047,points_q90,0.9,6377,0.7809314724792222,-0.11906852752077779,0.11906852752077779,actual_points <= predicted_quantile
FWD,task012,points_q97,0.97,6377,0.8637290261878626,-0.10627097381213735,0.10627097381213735,actual_points <= predicted_quantile
FWD,task047,points_q97,0.97,6377,0.8817625842872824,-0.08823741571271759,0.08823741571271759,actual_points <= predicted_quantile
MID,task012,points_q10,0.1,5963,0.37833305383196375,0.2783330538319637,0.2783330538319637,actual_points <= predicted_quantile
MID,task047,points_q10,0.1,5963,0.3805131645145061,0.28051316451450614,0.28051316451450614,actual_points <= predicted_quantile
MID,task012,points_q25,0.25,5963,0.4360221365084689,0.18602213650846888,0.18602213650846888,actual_points <= predicted_quantile
MID,task047,points_q25,0.25,5963,0.44826429649505284,0.19826429649505284,0.19826429649505284,actual_points <= predicted_quantile
MID,task012,points_q50,0.5,5963,0.5426798591313098,0.04267985913130978,0.04267985913130978,actual_points <= predicted_quantile
MID,task047,points_q50,0.5,5963,0.5654871708871373,0.06548717088713729,0.06548717088713729,actual_points <= predicted_quantile
MID,task012,points_q75,0.75,5963,0.6731510984403823,-0.07684890155961766,0.07684890155961766,actual_points <= predicted_quantile
MID,task047,points_q75,0.75,5963,0.7056850578567835,-0.04431494214321652,0.04431494214321652,actual_points <= predicted_quantile
MID,task012,points_q90,0.9,5963,0.8019453295321147,-0.0980546704678853,0.0980546704678853,actual_points <= predicted_quantile
MID,task047,points_q90,0.9,5963,0.8349823914137179,-0.06501760858628214,0.06501760858628214,actual_points <= predicted_quantile
MID,task012,points_q97,0.97,5963,0.8873050477947342,-0.08269495220526579,0.08269495220526579,actual_points <= predicted_quantile
MID,task047,points_q97,0.97,5963,0.9127955726983062,-0.05720442730169373,0.05720442730169373,actual_points <= predicted_quantile
RUC,task012,points_q10,0.1,1457,0.40288263555250514,0.30288263555250516,0.30288263555250516,actual_points <= predicted_quantile
RUC,task047,points_q10,0.1,1457,0.40356897735072067,0.30356897735072064,0.30356897735072064,actual_points <= predicted_quantile
RUC,task012,points_q25,0.25,1457,0.4118050789293068,0.1618050789293068,0.1618050789293068,actual_points <= predicted_quantile
RUC,task047,points_q25,0.25,1457,0.4186684969114619,0.1686684969114619,0.1686684969114619,actual_points <= predicted_quantile
RUC,task012,points_q50,0.5,1457,0.4447494852436513,-0.05525051475634868,0.05525051475634868,actual_points <= predicted_quantile
RUC,task047,points_q50,0.5,1457,0.4598490048043926,-0.040150995195607386,0.040150995195607386,actual_points <= predicted_quantile
RUC,task012,points_q75,0.75,1457,0.5133836650652025,-0.2366163349347975,0.2366163349347975,actual_points <= predicted_quantile
RUC,task047,points_q75,0.75,1457,0.5648592999313659,-0.18514070006863415,0.18514070006863415,actual_points <= predicted_quantile
RUC,task012,points_q90,0.9,1457,0.602608098833219,-0.29739190116678105,0.29739190116678105,actual_points <= predicted_quantile
RUC,task047,points_q90,0.9,1457,0.6835964310226493,-0.2164035689773507,0.2164035689773507,actual_points <= predicted_quantile
RUC,task012,points_q97,0.97,1457,0.693891557995882,-0.276108442004118,0.276108442004118,actual_points <= predicted_quantile
RUC,task047,points_q97,0.97,1457,0.7940974605353466,-0.1759025394646534,0.1759025394646534,actual_points <= predicted_quantile
UNK,task012,points_q10,0.1,5,1.0,0.9,0.9,actual_points <= predicted_quantile
UNK,task047,points_q10,0.1,5,1.0,0.9,0.9,actual_points <= predicted_quantile
UNK,task012,points_q25,0.25,5,1.0,0.75,0.75,actual_points <= predicted_quantile
UNK,task047,points_q25,0.25,5,1.0,0.75,0.75,actual_points <= predicted_quantile
UNK,task012,points_q50,0.5,5,1.0,0.5,0.5,actual_points <= predicted_quantile
UNK,task047,points_q50,0.5,5,1.0,0.5,0.5,actual_points <= predicted_quantile
UNK,task012,points_q75,0.75,5,1.0,0.25,0.25,actual_points <= predicted_quantile
UNK,task047,points_q75,0.75,5,1.0,0.25,0.25,actual_points <= predicted_quantile
UNK,task012,points_q90,0.9,5,1.0,0.09999999999999998,0.09999999999999998,actual_points <= predicted_quantile
UNK,task047,points_q90,0.9,5,1.0,0.09999999999999998,0.09999999999999998,actual_points <= predicted_quantile
UNK,task012,points_q97,0.97,5,1.0,0.030000000000000027,0.030000000000000027,actual_points <= predicted_quantile
UNK,task047,points_q97,0.97,5,1.0,0.030000000000000027,0.030000000000000027,actual_points <= predicted_quantile
