stable_player_id,key,player_name,position,position_utility,current_exp_points_5y,candidate_exp_points_5y,delta_exp_points_5y,current_rank_exp_points_5y,candidate_rank_exp_points_5y,rank_change_exp_points_5y
afl-player-v1-a0647984be62bcc3cab3,luke-jackson,Luke Jackson,RUC,RUC,7874.403179851856,9559.270297791236,1684.8671179393796,22,8,14
afl-player-v1-77265b1aa054f910d1c1,jai-newcombe,Jai Newcombe,MID,MID,6437.389035331769,7739.251510326957,1301.8624749951878,51,28,23
afl-player-v1-308ccebe1548de60b409,errol-gulden,Errol Gulden,MID,MID,4623.597182496961,5888.675689152256,1265.0785066552944,116,74,42
afl-player-v1-a9a8e85ed38f1ce4e94f,john-noble,John Noble,DEF,DEF,4399.761683491292,5601.757938377656,1201.9962548863632,129,87,42
afl-player-v1-729b0a603a18a0d56369,bailey-smith,Bailey Smith,MID,MID,7711.040818207076,8904.137455291913,1193.0966370848373,24,14,10
afl-player-v1-cc78415bed17cab3d6d7,lachlan-blakiston,Lachlan Blakiston,RUC,DEF,1822.264960581203,2977.868653058788,1155.603692477585,323,247,76
afl-player-v1-52b76fe3c9cc2b8183b7,marcus-bontempelli,Marcus Bontempelli,MID,MID,5090.531080029887,6183.195339590205,1092.664259560318,97,67,30
afl-player-v1-289911b71c417a06fb30,nicholas-martin,Nicholas Martin,MID,MID,2860.5698985559397,3930.6502987740487,1070.0804002181094,235,174,61
afl-player-v1-dbd3e05880424b29dd77,sam-durham,Sam Durham,MID,MID,4641.586134468955,5678.192696370334,1036.6065619013789,114,85,29
afl-player-v1-c653d76482fdb79e1ef0,zak-butters,Zak Butters,MID,MID,7652.816240522873,8681.469968303962,1028.6537277810885,25,16,9
afl-player-v1-126dfd2722f326d411fd,callum-wilkie,Callum Wilkie,DEF,DEF,4119.932608949465,5069.1711504321565,949.2385414826912,141,108,33
afl-player-v1-925ceac71aac412ace23,tristan-xerri,Tristan Xerri,RUC,RUC,3174.7740040587064,4107.931530187071,933.1575261283648,203,165,38
afl-player-v1-a0d344b6a9014eca92e7,brodie-grundy,Brodie Grundy,RUC,RUC,3561.9175434483022,4488.619117815795,926.7015743674928,177,138,39
afl-player-v1-f6b273b240ecc1e56ea8,tom-mccarthy,Tom McCarthy,DEF,DEF,4971.478529088058,5897.93684120368,926.458312115622,103,73,30
afl-player-v1-53cf9ea07c8d23470b27,bodhi-uwland,Bodhi Uwland,DEF,DEF,4409.454006516049,5334.021192465284,924.567185949235,127,100,27
afl-player-v1-451494af145a38fdb298,roan-steele,Roan Steele,MID,MID,2610.3848247017413,3533.1391286821536,922.7543039804124,250,201,49
afl-player-v1-3e63685925a5759a6950,isaac-heeney,Isaac Heeney,MID,MID,5069.328078903324,5981.618522457637,912.2904435543124,99,71,28
afl-player-v1-25c90ee89147d316c6b8,nick-daicos,Nick Daicos,MID,MID,10212.871167457472,11121.608956878332,908.7377894208583,2,1,1
afl-player-v1-33f13e3f7a2a5dfdd21c,james-peatling,James Peatling,MID,MID,3892.226821911661,4785.719200486543,893.4923785748815,164,121,43
afl-player-v1-6d1a84a432c2cd83dd4a,timothy-english,Timothy English,RUC,RUC,3429.362758589731,4318.140843705479,888.7780851157477,188,150,38
afl-player-v1-fb186725cde9cc707a20,christian-petracca,Christian Petracca,MID,MID,4036.780479361136,4913.110783607721,876.330304246585,150,114,36
afl-player-v1-9900e16ea0f47957de5c,tom-atkins,Tom Atkins,MID,MID,3029.2131362831137,3896.086683651261,866.8735473681472,218,180,38
afl-player-v1-1c150e0d509e17a4deac,jason-horne-francis,Jason Horne-Francis,MID,MID,7638.166944472665,8499.471849765696,861.304905293031,26,19,7
afl-player-v1-c090106f7ba6dd9b3e4f,joel-fitzgerald,Joel Fitzgerald,MID,MID,1311.127801027692,2170.505805004083,859.378003976391,409,324,85
afl-player-v1-33880cd39dfb13366e39,cooper-lord,Cooper Lord,MID,MID,3998.505170711968,4854.538625544816,856.0334548328478,153,116,37
afl-player-v1-ea006b568d7e6484b32a,jordon-sweet,Jordon Sweet,RUC,RUC,1835.273369512641,2688.9651752265872,853.6918057139462,322,273,49
afl-player-v1-98009763e49092307d27,noah-anderson,Noah Anderson,MID,MID,8181.759337388223,9031.96393882768,850.2046014394582,20,13,7
afl-player-v1-a91d721458a8af9477df,marcus-herbert,Marcus Herbert,DEF,DEF,1394.3814564958475,2236.1452996507523,841.7638431549046,386,315,71
afl-player-v1-deef4fc4d61618986f7c,kieren-briggs,Kieren Briggs,RUC,RUC,2327.4026728575045,3165.1205380102087,837.7178651527042,279,235,44
afl-player-v1-ae0417d08a6405bbceeb,hugo-hall-kahan,Hugo Hall-Kahan,DEF,DEF,1578.9986607244737,2416.639313984453,837.6406532599794,362,298,64
afl-player-v1-df9f00b1d0c9ef2defb9,lachlan-mcandrew,Lachlan McAndrew,RUC,RUC,1206.8320060706142,2035.3423762560817,828.5103701854675,428,344,84
afl-player-v1-a79de63b596184ec6aa8,max-hall,Max Hall,FWD,FWD,5726.692781947098,6554.487471174146,827.7946892270475,69,55,14
afl-player-v1-970c598ee4fc55acaa39,caleb-serong,Caleb Serong,MID,MID,7504.063691073716,8328.74262758149,824.6789365077748,28,24,4
afl-player-v1-a224d4377faae8f072fe,kye-annand,Kye Annand,DEF,DEF,1516.428674722861,2333.534893356772,817.1062186339107,373,307,66
afl-player-v1-678c7cda11ddaff2aa8a,finn-callaghan,Finn Callaghan,MID,MID,8774.999805671236,9591.604484802936,816.6046791317003,13,7,6
afl-player-v1-d8c86c5bdaf14f79a1b2,bailey-williams-wc,Bailey J. Williams,RUC,RUC,2483.6580316327845,3268.0768073548606,784.4187757220761,262,223,39
afl-player-v1-e511a100c5f69febc62c,hugh-mccluggage,Hugh McCluggage,MID,MID,5309.6286819788575,6093.944743304252,784.3160613253949,88,68,20
afl-player-v1-614cf30f246427aac1aa,clayton-oliver,Clayton Oliver,MID,MID,4934.297329259522,5707.286213533859,772.9888842743376,104,80,24
afl-player-v1-ae2d3d03fdab9cf63599,andrew-brayshaw,Andrew Brayshaw,MID,MID,6673.886552088847,7441.53319704549,767.6466449566433,42,32,10
afl-player-v1-f7adb7c2cf1d0b3af926,tim-kelly,Tim Kelly,MID,MID,2863.012389517358,3624.500656929333,761.4882674119754,234,198,36
afl-player-v1-4af5ff1d6c0a57d3f39a,tom-blamires,Tom Blamires,MID,DEF,2024.8812709356248,2782.849112180262,757.9678412446378,307,263,44
afl-player-v1-b9ea3f3086273085ef4e,ed-richards,Ed Richards,MID,MID,5624.052936890595,6381.256680769596,757.2037438790003,74,58,16
afl-player-v1-77a1b0f46d9b5f8726c7,sam-walsh,Sam Walsh,MID,MID,5608.87885058218,6357.054545974559,748.1756953923787,76,60,16
afl-player-v1-41dcbd971cb800328d08,max-holmes,Max Holmes,MID,MID,9203.871996627977,9949.67791255908,745.8059159311051,9,4,5
afl-player-v1-b0f136f33ad07b15d6d8,ned-moyle,Ned Moyle,RUC,RUC,1482.78650649705,2222.587308234516,739.8008017374657,375,317,58
afl-player-v1-e4ebf44ca266366dbc1c,darcy-cameron,Darcy Cameron,RUC,RUC,1974.5721721349007,2708.585915192188,734.0137430572875,312,267,45
afl-player-v1-4a82f8ccfdbd058d9358,zachary-merrett,Zachary Merrett,MID,MID,4078.3166942735234,4810.65258948812,732.3358952145963,145,119,26
afl-player-v1-95fa45c52eff59104176,louis-emmett,Louis Emmett,RUC,RUC,1782.8141297999337,2507.084194187334,724.2700643874005,329,283,46
afl-player-v1-0dbc2d44e3412f13c2b1,rowan-marshall,Rowan Marshall,RUC,RUC,2212.2496958757006,2934.7865438315744,722.5368479558738,291,252,39
afl-player-v1-f1b93c65c9f4fcaec365,xavier-bamert,Xavier Bamert,MID,FWD,1584.759804615462,2306.407455599754,721.6476509842919,361,310,51
