draftguru_player_slug,draftguru_name,decision,legacy_key,reason,reviewer_notes
adam_kennedy/1,Adam Kennedy,exclude,,not_in_repository_database_or_intentionally_excluded,
brandon_matera/1,Brandon Matera,exclude,,not_in_repository_database_or_intentionally_excluded,
dillon_o'reilly/1,Dillon O'Reilly,match,dillon-o-rielly,user_confirmed_match,
jack_hombsch/1,Jack Hombsch,exclude,,not_in_repository_database_or_intentionally_excluded,
jacob_townsend/1,Jacob Townsend,exclude,,not_in_repository_database_or_intentionally_excluded,
jarrad_mcveigh/1,Jarrad McVeigh,exclude,,not_in_repository_database_or_intentionally_excluded,
josh_bruce/1,Josh Bruce,exclude,,not_in_repository_database_or_intentionally_excluded,
josh_deluca/1,Josh Deluca,match,josh-deluca-cardillo,user_confirmed_match,
kye_turner/1,Kye Turner,exclude,,not_in_repository_database_or_intentionally_excluded,
lachie_bramble/1,Lachie Bramble,match,lachlan-bramble,user_confirmed_match,
lachie_hunter/1,Lachie Hunter,match,lachlan-hunter,user_confirmed_match,
matt_shaw/1,Matt Shaw,exclude,,not_in_repository_database_or_intentionally_excluded,
matt_de%20boer/1,Matt de Boer,match,matthew-deboer,user_confirmed_match,
matthew_coulthard/1,Matthew Coulthard,match,matt-coulthard,user_confirmed_match,
nathan_wilson/1,Nathan Wilson,exclude,,not_in_repository_database_or_intentionally_excluded,
nick_graham/1,Nick Graham,match,nicholas-graham,user_confirmed_match,
nick_shipley/1,Nick Shipley,match,nicholas-shipley,user_confirmed_match,
tom_nicholls/1,Tom Nicholls,exclude,,not_in_repository_database_or_intentionally_excluded,
tomas_bugg/1,Tomas Bugg,exclude,,not_in_repository_database_or_intentionally_excluded,
trent_mckenzie/1,Trent McKenzie,exclude,,not_in_repository_database_or_intentionally_excluded,
zac_smith/1,Zac Smith,exclude,,not_in_repository_database_or_intentionally_excluded,
ben_griffiths/1,Ben Griffiths,match,benjamin-griffiths,user_confirmed_match,
ben_stratton/1,Ben Stratton,match,benjamin-stratton,user_confirmed_match,
brad_close/1,Brad Close,match,bradley-close,user_confirmed_match,
brad_hill/1,Brad Hill,match,bradley-hill,user_confirmed_match,
brad_scheer/1,Brad Scheer,match,bradley-scheer,user_confirmed_match,
cam_ellis-yolmen/1,Cam Ellis-Yolmen,match,cameron-ellis-yolmen,user_confirmed_match,
cam_mackenzie/1,Cam Mackenzie,match,cameron-mackenzie,user_confirmed_match,
cam_rayner/1,Cam Rayner,match,cameron-rayner,user_confirmed_match,
chris_mayne/1,Chris Mayne,match,christopher-mayne,user_confirmed_match,
dan_butler/1,Dan Butler,match,daniel-butler,user_confirmed_match,
dan_curtin/1,Dan Curtin,match,daniel-curtin,user_confirmed_match,
dan_robinson/1,Dan Robinson,match,daniel-robinson,user_confirmed_match,
dom_sheed/1,Dom Sheed,match,dominic-sheed,user_confirmed_match,
domanic_akuei/1,Domanic Akuei,match,dom-akuei,user_confirmed_match,
ed_allan/1,Ed Allan,match,edward-allan,user_confirmed_match,
ed_curnow/1,Ed Curnow,match,edward-curnow,user_confirmed_match,
ed_phillips/1,Ed Phillips,match,edward-phillips,user_confirmed_match,
harrison_reynolds/1,Harrison Reynolds,match,harry-reynolds,user_confirmed_match,
harry_himmelberg/1,Harry Himmelberg,match,harrison-himmelberg,user_confirmed_match,
jasper_pittard/1,Jasper Pittard,match,jasper-mcmillan-pittard,user_confirmed_match,
joe_fonti/1,Joe Fonti,match,joseph-fonti,user_confirmed_match,
josh_bennetts/1,Josh Bennetts,match,joshua-bennetts,user_confirmed_match,
josh_green/1,Josh Green,match,joshua-green,user_confirmed_match,
josh_wagner/1,Josh Wagner,match,joshua-wagner,user_confirmed_match,
josh_walker/1,Josh Walker,match,joshua-walker,user_confirmed_match,
kaelan_bradtke/1,Kaelan Bradtke,match,kaelen-bradtke,user_confirmed_match,
lachie_ash/1,Lachie Ash,match,lachlan-ash,user_confirmed_match,
lachie_cowan/1,Lachie Cowan,match,lachlan-cowan,user_confirmed_match,
lachie_henderson/1,Lachie Henderson,match,lachlan-henderson,user_confirmed_match,
lachie_jones/1,Lachie Jones,match,lachlan-jones,user_confirmed_match,
lachie_plowman/1,Lachie Plowman,match,lachlan-plowman,user_confirmed_match,
lachie_schultz/1,Lachie Schultz,match,lachlan-schultz,user_confirmed_match,
lachie_tiziani/1,Lachie Tiziani,match,lachlan-tiziani,user_confirmed_match,
lachie_weller/1,Lachie Weller,match,lachlan-weller,user_confirmed_match,
lachlan_rankin/1,Lachlan Rankin,match,lachie-rankin,user_confirmed_match,
matt_buntine/1,Matt Buntine,match,matthew-buntine,user_confirmed_match,
matt_dea/1,Matt Dea,match,matthew-dea,user_confirmed_match,
matt_ling/1,Matt Ling,match,matthew-ling,user_confirmed_match,
matt_signorello/1,Matt Signorello,match,matthew-signorello,user_confirmed_match,
matt_suckling/1,Matt Suckling,match,matthew-suckling,user_confirmed_match,
mitch_cox/1,Mitch Cox,match,mitchell-cox,user_confirmed_match,
mitch_wallis/1,Mitch Wallis,match,mitchell-wallis,user_confirmed_match,
ned_mchenry/1,Ned McHenry,match,edward-mchenry,user_confirmed_match,
nic_martin/1,Nic Martin,match,nicholas-martin,user_confirmed_match,
nic_naitanui/1,Nic Naitanui,match,nicholas-naitanui,user_confirmed_match,
nick_coffield/1,Nick Coffield,match,nicholas-coffield,user_confirmed_match,
nick_holman/1,Nick Holman,match,nicholas-holman,user_confirmed_match,
nick_robertson/1,Nick Robertson,match,nicholas-robertson,user_confirmed_match,
nik_cox/1,Nik Cox,match,nikolas-cox,user_confirmed_match,
oliver_dempsey/1,Oliver Dempsey,match,ollie-dempsey,user_confirmed_match,
ollie_wines/1,Ollie Wines,match,oliver-wines,user_confirmed_match,
oscar_faulkhead/1,Oscar Faulkhead,match,oskar-faulkhead,user_confirmed_match,
patrick_kerr/1,Patrick Kerr,match,pat-kerr,user_confirmed_match,
red%20%C3%B3g_murphy/1,Red Óg Murphy,match,red-og-murphy,user_confirmed_match,
robbie_young/2,Robbie Young,match,robert-young,user_confirmed_match,
sam_murray/1,Sam Murray,match,samuel-murray,user_confirmed_match,
sam_wright/1,Sam Wright,match,samuel-wright,user_confirmed_match,
thomas_joyce/1,Thomas Joyce,match,tom-joyce,user_confirmed_match,
tim_broomhead/1,Tim Broomhead,match,timothy-broomhead,user_confirmed_match,
tim_english/1,Tim English,match,timothy-english,user_confirmed_match,
tom_berry/1,Tom Berry,match,thomas-berry,user_confirmed_match,
tom_boyd/1,Tom Boyd,match,thomas-boyd,user_confirmed_match,
tom_jonas/1,Tom Jonas,match,thomas-jonas,user_confirmed_match,
tom_sheridan/1,Tom Sheridan,match,thomas-sheridan,user_confirmed_match,
ty_vickery/1,Ty Vickery,match,tyrone-vickery,user_confirmed_match,
will_hayes/1,Will Hayes,match,will-hayes-a,manual_identity_resolution,"Resolved to the older Western Bulldogs/Carlton Will Hayes: born 1995, National Draft 2018 pick 78."
will_langford/1,Will Langford,match,william-langford,user_confirmed_match,
zac_clarke/1,Zac Clarke,match,zachary-clarke,user_confirmed_match,
zac_langdon/1,Zac Langdon,match,zac-giles-langdon,user_confirmed_match,
zac_williams/1,Zac Williams,match,zachary-williams,user_confirmed_match,
zach_sproule/1,Zach Sproule,match,zachary-sproule,user_confirmed_match,
aaron_sandilands/1,Aaron Sandilands,exclude,,not_in_repository_database_or_intentionally_excluded,
brendon_goddard/1,Brendon Goddard,exclude,,not_in_repository_database_or_intentionally_excluded,
curtly_hampton/1,Curtly Hampton,exclude,,not_in_repository_database_or_intentionally_excluded,
daniel_wells/1,Daniel Wells,exclude,,not_in_repository_database_or_intentionally_excluded,
gary_ablett/2,Gary Ablett,exclude,,not_in_repository_database_or_intentionally_excluded,
jarrad_waite/1,Jarrad Waite,exclude,,not_in_repository_database_or_intentionally_excluded,
kade_simpson/1,Kade Simpson,exclude,,not_in_repository_database_or_intentionally_excluded,
luke_hodge/1,Luke Hodge,exclude,,not_in_repository_database_or_intentionally_excluded,
maverick_weller/1,Maverick Weller,exclude,,not_in_repository_database_or_intentionally_excluded,
rohan_bewick/1,Rohan Bewick,exclude,,not_in_repository_database_or_intentionally_excluded,
shane_mcadam/1,Shane McAdam,exclude,,not_in_repository_database_or_intentionally_excluded,
shaun_burgoyne/1,Shaun Burgoyne,exclude,,not_in_repository_database_or_intentionally_excluded,
bailey_williams/1,Bailey Williams,match,bailey-williams-wb,duplicate_name_identity_correction,"Western Bulldogs player, born 1997, National Draft 2015 pick 48."
bailey_williams/2,Bailey Williams,match,bailey-williams-wc,duplicate_name_identity_correction,"West Coast player, born 2000, National Draft 2018 pick 35."
callum_brown/1,Callum Brown,match,callum-brown,duplicate_name_identity_correction,"Collingwood player, born 1998, National Draft 2016 pick 35."
callum_brown/2,Callum Brown,match,callum-brown-ire,duplicate_name_identity_correction,"Greater Western Sydney Irish player, born 2000, International 2018."
josh_kennedy/1,Josh Kennedy,match,joshua-kennedy,duplicate_name_identity_correction,"West Coast key forward, born 1987, National Draft 2005 pick 4."
josh_kennedy/2,Josh Kennedy,match,josh-p-kennedy,duplicate_name_identity_correction,"Sydney midfielder, born 1988, National Draft 2006 pick 40."
sam_reid/2,Sam Reid,match,samuel-reid,duplicate_name_identity_correction,"Greater Western Sydney player, born 1989, National Draft 2007 pick 35."
sam_reid/3,Sam Reid,match,sam-reid-syd,duplicate_name_identity_correction,"Sydney player, born 1991, National Draft 2009 pick 38."
